terminated,mgrChurn,gender,minority,flsaType,seniority,age
0,1,1,1,0,6.99,54.9
0,1,0,1,0,2.37,58.5
0,1,0,1,0,9.18,47.6
0,1,0,1,0,0.49,57.2
0,0,1,1,0,2.97,37.6
0,0,1,1,0,11.84,61.3
0,0,1,1,0,5.48,32.4
0,1,1,1,0,5.49,35.3
0,0,1,1,0,5.90,28.8
0,1,1,1,0,2.35,32.6
0,0,1,1,0,0.30,58.9
0,0,1,1,0,1.42,42.2
0,0,1,1,0,3.31,33.8
0,0,1,1,0,5.27,32.5
0,0,1,1,0,2.26,30.9
0,0,1,1,0,2.26,43.6
0,0,1,1,0,2.45,42.3
0,0,1,1,0,8.66,58.9
0,0,1,1,0,0.42,56.1
0,0,1,1,0,7.84,61.3
0,0,1,1,0,1.49,42.7
0,0,1,1,0,0.04,26.4
0,1,1,1,0,1.17,40.2
0,1,1,1,0,0.17,40.0
0,1,1,1,0,0.21,40.1
0,0,1,1,0,19.27,56.3
0,0,1,1,0,4.12,31.5
0,0,1,1,0,2.33,39.9
0,0,1,1,0,0.97,36.2
0,1,1,1,0,0.27,38.5
0,1,1,1,0,0.30,38.3
0,0,1,1,0,2.68,42.6
0,1,1,1,0,0.34,36.6
0,0,1,1,0,0.11,33.2
0,0,1,1,0,3.33,49.2
0,0,1,1,0,2.89,40.1
0,1,1,1,0,3.22,45.8
0,0,1,1,0,0.21,54.8
0,1,1,1,0,7.01,33.3
0,0,1,1,0,2.53,48.3
0,1,1,1,0,18.03,51.7
0,0,1,1,0,0.09,27.1
0,0,1,1,0,3.64,33.0
0,1,1,1,0,2.17,41.3
0,0,1,1,0,0.82,46.6
0,0,1,1,0,1.51,29.9
1,0,1,1,0,2.88,41.2
1,1,1,1,0,5.34,50.2
1,0,1,1,0,6.43,45.7
1,0,1,1,0,1.15,31.1
1,0,1,1,0,0.09,40.4
1,1,1,1,0,0.30,47.6
1,1,1,1,0,2.85,30.0
0,0,0,1,0,3.84,49.2
0,0,0,1,0,4.10,56.6
0,1,0,1,0,3.46,29.4
0,0,0,1,0,0.57,40.5
0,0,0,1,0,7.75,44.0
0,1,0,1,0,7.22,49.6
0,1,0,1,0,2.20,26.9
0,0,0,1,0,1.47,29.4
0,1,0,1,0,3.81,40.8
0,0,0,1,0,1.45,36.2
0,0,0,1,0,2.99,40.6
0,0,0,1,0,0.36,44.1
0,0,0,1,0,0.36,43.0
0,0,0,1,0,3.33,51.0
0,0,0,1,0,0.34,50.5
0,0,0,1,0,2.09,41.4
0,0,0,1,0,3.10,48.2
0,0,0,1,0,2.74,49.5
0,0,0,1,0,3.50,47.2
0,0,0,1,0,1.70,36.4
0,0,0,1,0,0.05,54.7
0,0,0,1,0,0.97,34.4
0,0,0,1,0,4.35,55.8
0,0,0,1,0,4.00,33.7
0,0,0,1,0,2.85,33.3
0,0,0,1,0,5.02,38.9
0,0,0,1,0,1.05,45.3
0,0,0,1,0,1.13,30.3
0,1,0,1,0,1.30,32.5
0,0,0,1,0,1.51,45.8
0,0,0,1,0,1.38,31.2
0,0,0,1,0,2.87,38.5
0,0,0,1,0,2.81,60.3
0,1,0,1,0,3.50,50.0
0,1,0,1,0,1.01,47.8
0,0,0,1,0,9.50,45.2
0,0,0,1,0,9.41,60.2
0,0,0,1,0,9.26,49.0
0,0,0,1,0,1.13,38.3
0,0,0,1,0,0.13,58.2
0,0,0,1,0,0.13,52.6
1,1,0,1,0,0.42,58.5
1,0,0,1,0,0.09,46.8
1,0,0,1,0,5.13,41.3
1,0,0,1,0,0.15,46.6
1,0,0,1,0,1.38,41.4
1,1,0,1,0,2.58,60.2
1,0,0,1,0,0.42,35.7
1,1,0,1,0,4.04,33.0
1,0,0,1,0,4.00,56.6
1,0,0,1,0,0.32,33.6
1,0,0,1,0,0.15,46.8
0,0,1,1,0,3.00,41.6
0,1,1,1,0,2.60,42.8
0,0,1,1,0,4.25,52.4
0,0,1,1,0,5.71,57.6
0,0,1,1,0,1.99,49.5
0,0,1,1,0,0.28,62.6
0,1,1,1,0,1.36,31.2
0,0,1,1,0,1.84,51.9
0,1,1,1,0,1.86,28.1
0,1,1,1,0,0.80,40.9
0,0,1,1,0,1.24,49.6
0,0,1,1,0,3.75,30.3
0,1,1,1,0,0.21,44.7
0,0,1,1,0,9.08,35.8
0,1,1,1,0,1.15,56.4
0,0,1,1,0,1.72,46.0
0,0,1,1,0,1.86,36.0
0,0,1,1,0,3.25,48.9
0,0,1,1,0,0.74,54.0
0,0,1,1,0,1.72,57.8
0,0,1,1,0,0.42,53.2
0,1,1,1,0,0.42,43.1
0,1,1,1,0,2.17,36.0
0,1,1,1,0,4.58,58.0
0,0,1,1,0,6.44,50.6
0,0,1,1,0,1.99,53.2
1,0,1,1,0,0.49,37.4
1,0,1,1,0,2.18,50.1
1,0,1,1,0,4.75,49.2
1,0,1,1,0,0.51,28.3
1,0,1,1,0,0.95,31.5
1,1,1,1,0,0.15,39.1
1,0,1,1,0,0.51,47.4
1,0,1,1,0,0.73,29.6
1,0,1,1,0,0.65,47.2
1,0,1,1,0,3.01,41.5
1,0,1,1,0,3.98,43.1
0,0,0,1,0,3.60,51.1
0,0,0,1,0,1.01,60.8
0,1,0,1,0,0.86,29.4
0,0,0,1,0,0.92,48.5
0,1,0,1,0,2.22,40.7
0,0,0,1,0,2.97,33.8
0,1,0,1,0,3.85,39.4
0,0,0,1,0,0.05,30.7
0,1,0,1,0,0.38,58.1
0,0,0,1,0,0.71,44.0
0,1,0,1,0,1.20,56.4
0,0,0,1,0,3.56,43.7
1,0,0,1,0,1.82,44.2
1,0,0,1,0,2.09,47.4
1,0,0,1,0,0.99,47.3
1,0,0,1,0,1.86,51.9
1,0,0,1,0,0.76,48.0
1,0,0,1,0,1.03,55.9
1,0,0,1,0,4.92,61.7
0,0,1,1,0,0.80,28.3
0,1,1,1,0,1.32,41.4
0,1,1,1,0,5.92,37.0
0,0,1,1,0,0.13,39.0
0,1,1,1,0,5.56,32.4
0,1,1,1,0,3.72,31.3
0,0,1,1,0,3.58,28.8
0,0,1,1,0,4.52,51.6
0,0,1,1,0,1.43,36.1
0,1,1,1,0,1.01,42.1
0,0,1,1,0,4.69,40.1
0,1,1,1,0,2.37,40.5
0,0,1,1,0,4.41,47.3
0,0,1,1,0,3.89,53.3
0,0,1,1,0,2.99,26.8
0,0,1,1,0,11.95,35.6
0,1,1,1,0,3.08,23.6
0,1,1,1,0,2.39,26.0
0,1,1,1,0,11.84,50.7
0,0,1,1,0,8.54,48.0
0,0,1,1,0,3.75,46.4
0,0,1,1,0,2.66,51.5
0,0,1,1,0,10.50,37.2
0,0,1,1,0,8.12,37.2
0,0,1,1,0,4.33,37.2
0,0,1,1,0,5.27,39.1
0,0,1,1,0,2.76,40.7
0,0,1,1,0,4.88,38.3
0,0,1,1,0,4.16,27.3
0,0,1,1,0,3.53,50.1
0,0,1,1,0,4.09,39.9
0,0,1,1,0,1.74,36.0
0,0,1,1,0,2.76,43.6
0,1,1,1,0,3.35,47.0
0,0,1,1,0,0.17,34.5
0,0,1,1,0,4.59,33.7
0,0,1,1,0,2.14,30.3
0,1,1,1,0,0.40,42.0
0,0,1,1,0,2.57,46.5
0,0,1,1,0,3.43,28.3
0,0,1,1,0,3.89,29.0
0,0,1,1,0,0.57,36.4
0,0,1,1,0,5.23,31.4
0,0,1,1,0,1.76,60.7
0,0,1,1,0,1.38,39.9
0,0,1,1,0,0.48,49.5
0,1,1,1,0,0.92,34.3
0,1,1,1,0,4.44,47.2
0,1,1,1,0,3.96,40.4
0,0,1,1,0,2.76,38.9
0,0,1,1,0,2.41,27.4
0,0,1,1,0,2.09,40.0
0,0,1,1,0,3.16,56.5
0,0,1,1,0,2.97,33.3
0,1,1,1,0,1.59,57.3
0,0,1,1,0,2.41,45.0
0,0,1,1,0,0.97,45.8
0,0,1,1,0,13.18,39.1
0,0,1,1,0,8.26,56.0
0,1,1,1,0,4.10,36.8
0,1,1,1,0,2.11,57.2
0,0,1,1,0,5.95,33.9
0,0,1,1,0,0.17,46.0
0,0,1,1,0,6.59,44.4
0,0,1,1,0,2.80,45.2
0,1,1,1,0,1.87,48.7
0,1,1,1,0,0.71,28.7
0,1,1,1,0,8.05,46.0
0,1,1,1,0,6.99,34.4
0,0,1,1,0,0.21,41.9
0,0,1,1,0,7.53,43.9
0,1,1,1,0,1.13,43.4
0,0,1,1,0,7.55,33.8
0,0,1,1,0,5.59,50.5
0,0,1,1,0,5.00,49.9
1,1,1,1,0,2.24,67.2
1,0,1,1,0,2.11,43.0
1,0,1,1,0,7.49,34.1
1,0,1,1,0,1.20,39.6
1,0,1,1,0,9.50,35.9
1,0,1,1,0,2.16,50.4
1,1,1,1,0,2.30,28.3
1,0,1,1,0,1.19,47.9
1,0,1,1,0,2.33,55.4
1,0,1,1,0,2.91,48.3
1,0,1,1,0,4.58,33.4
1,0,1,1,0,7.72,37.4
0,1,0,1,0,8.62,33.2
0,0,0,1,0,5.27,47.7
0,0,0,1,0,2.35,35.4
0,0,0,1,0,4.00,46.9
0,0,0,1,0,2.47,50.4
0,1,0,1,0,0.59,55.5
0,1,0,1,0,2.30,28.3
0,0,0,1,0,3.43,43.5
0,0,0,1,0,0.99,42.6
0,0,0,1,0,4.12,35.5
0,0,0,1,0,2.99,53.5
0,0,0,1,0,0.99,24.6
0,0,0,1,0,11.73,38.9
0,1,0,1,0,0.92,44.6
0,1,0,1,0,2.68,52.0
0,0,0,1,0,4.48,32.5
0,0,0,1,0,1.53,37.2
0,1,0,1,0,8.83,34.6
0,1,0,1,0,3.10,53.8
0,0,0,1,0,3.10,28.2
0,1,0,1,0,0.19,32.6
0,0,0,1,0,4.44,32.6
0,0,0,1,0,1.82,24.9
0,1,0,1,0,0.46,44.6
0,1,0,1,0,6.02,44.8
0,1,0,1,0,0.63,52.4
0,0,0,1,0,0.76,61.1
0,1,0,1,0,9.08,44.1
0,1,0,1,0,5.38,45.2
0,1,0,1,0,3.22,35.1
0,1,0,1,0,2.55,25.8
0,1,0,1,0,2.80,46.9
0,1,0,1,0,3.08,27.1
0,0,0,1,0,3.75,46.1
0,0,0,1,0,4.14,36.4
0,0,0,1,0,19.07,47.8
0,1,0,1,0,8.64,35.7
0,1,0,1,0,6.51,44.4
0,1,0,1,0,10.71,39.6
0,0,0,1,0,3.39,28.8
0,0,0,1,0,6.38,33.5
0,0,0,1,0,4.04,30.4
0,0,0,1,0,3.98,36.8
0,0,0,1,0,1.07,36.3
0,0,0,1,0,1.72,30.0
0,0,0,1,0,15.21,42.5
0,0,0,1,0,0.53,34.2
0,0,0,1,0,10.06,38.4
0,1,0,1,0,4.72,32.3
0,0,0,1,0,2.74,32.5
0,0,0,1,0,0.38,33.8
0,1,0,1,0,0.73,55.4
0,0,0,1,0,1.26,51.9
0,0,0,1,0,3.68,53.5
0,0,0,1,0,8.93,53.2
0,0,0,1,0,6.42,44.2
1,1,0,1,0,2.53,50.3
1,1,0,1,0,0.09,41.6
1,0,0,1,0,0.51,42.6
1,0,0,1,0,4.28,31.5
1,1,0,1,0,0.38,43.5
1,0,0,1,0,0.49,57.0
1,0,0,1,0,2.37,49.0
1,0,0,1,0,0.65,29.2
0,0,0,1,0,8.77,48.2
0,1,0,1,0,4.54,27.8
0,1,0,1,0,11.17,34.7
0,0,0,1,0,2.58,47.3
1,0,0,1,0,0.44,37.0
0,0,1,1,0,1.19,42.7
0,1,1,1,0,4.98,49.5
0,0,1,1,0,3.93,55.7
0,0,1,1,0,9.34,57.7
1,1,1,1,0,6.17,61.5
0,0,0,1,0,3.77,42.7
0,0,0,1,0,4.23,45.0
0,0,0,1,0,3.43,41.5
0,0,0,1,0,4.67,47.2
0,0,0,1,0,4.92,46.7
0,0,0,1,0,11.42,42.3
1,0,0,1,0,5.28,58.5
0,0,1,1,0,0.67,32.5
0,0,1,1,0,0.42,35.9
0,1,1,1,0,6.26,45.8
0,1,1,1,0,3.72,34.8
0,0,1,1,0,0.59,37.4
0,0,1,1,0,0.74,45.2
0,1,1,1,0,3.72,28.9
0,0,1,1,0,9.33,38.6
1,0,1,1,0,5.72,43.5
1,0,1,1,0,1.68,34.1
1,1,1,1,0,4.59,36.6
1,0,1,1,0,3.06,33.6
1,0,1,1,0,0.74,36.8
0,0,0,1,0,0.40,24.4
0,1,0,1,0,1.24,23.7
0,0,0,1,0,2.83,35.7
0,1,0,1,0,2.28,36.7
0,0,0,1,0,3.81,31.7
0,1,0,1,0,0.95,49.2
0,1,0,1,0,2.22,24.5
0,0,0,1,0,0.61,41.8
0,0,0,1,0,4.50,39.3
0,0,0,1,0,2.45,37.8
1,0,0,1,0,1.42,37.3
1,0,0,1,0,7.20,59.2
0,0,1,0,0,1.59,30.5
0,0,1,0,0,2.32,34.2
0,0,1,0,0,10.09,37.2
0,0,1,0,0,0.99,27.0
0,0,1,0,0,8.94,50.5
0,1,1,0,0,6.53,37.8
0,1,1,0,0,9.94,41.0
0,0,1,0,0,3.26,28.8
0,0,1,0,0,4.71,52.1
0,0,1,0,0,1.28,45.2
0,0,1,0,0,1.53,30.5
0,0,1,0,0,6.09,58.5
0,0,1,0,0,4.12,44.2
0,0,1,0,0,4.75,42.5
0,1,1,0,0,1.91,33.6
0,0,1,0,0,4.14,41.2
0,0,1,0,0,2.68,55.8
0,0,1,0,0,2.30,44.6
0,0,1,0,0,5.34,38.1
0,0,1,0,0,9.73,49.8
0,0,1,0,0,7.24,63.2
0,0,1,0,0,0.55,36.4
0,0,1,0,0,7.60,59.8
0,0,1,0,0,10.84,62.1
0,0,1,0,0,9.42,46.8
0,0,1,0,0,1.72,52.6
0,0,1,0,0,1.86,36.7
0,0,1,0,0,2.83,56.0
0,1,1,0,0,14.28,42.2
0,0,1,0,0,1.32,55.9
0,0,1,0,0,1.72,47.2
0,0,1,0,0,11.53,34.0
0,0,1,0,0,7.05,30.1
0,0,1,0,0,2.87,26.1
0,0,1,0,0,0.30,38.4
0,0,1,0,0,3.04,40.1
0,0,1,0,0,1.43,51.0
0,0,1,0,0,6.13,45.8
0,0,1,0,0,6.86,41.5
0,1,1,0,0,0.71,42.6
0,0,1,0,0,2.24,38.9
0,0,1,0,0,6.80,45.4
0,0,1,0,0,8.18,56.1
0,1,1,0,0,-0.01,35.5
0,0,1,0,0,22.88,48.2
0,1,1,0,0,1.84,28.3
0,0,1,0,0,4.67,28.0
0,1,1,0,0,14.56,53.1
0,1,1,0,0,3.83,45.7
0,0,1,0,0,0.67,56.3
0,1,1,0,0,13.37,49.8
0,0,1,0,0,5.71,58.9
0,0,1,0,0,2.51,32.5
0,1,1,0,0,0.53,27.1
0,0,1,0,0,4.71,35.7
0,0,1,0,0,3.59,24.4
0,0,1,0,0,0.19,48.3
0,0,1,0,0,5.17,27.3
0,0,1,0,0,2.83,45.6
0,0,1,0,0,4.00,29.6
0,0,1,0,0,0.11,53.5
0,1,1,0,0,2.89,26.7
0,0,1,0,0,0.09,54.0
0,1,1,0,0,4.00,63.7
0,0,1,0,0,3.87,49.4
0,1,1,0,0,1.74,39.4
0,0,1,0,0,3.49,44.1
0,1,1,0,0,0.92,37.9
0,0,1,0,0,3.01,49.8
0,1,1,0,0,6.84,43.6
0,0,1,0,0,0.21,52.6
0,1,1,0,0,15.33,38.9
0,0,1,0,0,0.19,52.7
0,0,1,0,0,2.22,43.5
0,0,1,0,0,0.30,34.7
0,1,1,0,0,1.20,44.1
0,1,1,0,0,4.16,48.0
0,0,1,0,0,2.22,37.7
0,0,1,0,0,16.17,57.1
0,0,1,0,0,1.49,40.1
0,0,1,0,0,0.99,49.4
0,0,1,0,0,3.54,48.0
0,1,1,0,0,0.88,39.4
0,0,1,0,0,0.44,39.4
0,0,1,0,0,3.93,47.5
0,0,1,0,0,11.29,52.6
0,0,1,0,0,1.63,50.6
0,0,1,0,0,2.22,48.0
0,0,1,0,0,20.47,39.7
0,1,1,0,0,3.96,41.7
0,1,1,0,0,1.45,34.4
0,0,1,0,0,9.08,39.6
0,1,1,0,0,1.51,45.4
0,0,1,0,0,0.21,36.8
0,1,1,0,0,0.48,54.0
0,0,1,0,0,6.65,36.9
0,0,1,0,0,4.98,34.3
0,1,1,0,0,5.15,47.7
0,0,1,0,0,1.26,41.2
0,1,1,0,0,1.60,46.6
0,1,1,0,0,0.17,46.8
0,0,1,0,0,3.49,37.5
0,0,1,0,0,0.86,36.7
0,0,1,0,0,0.17,42.6
0,0,1,0,0,2.95,45.2
0,1,1,0,0,11.00,32.2
0,0,1,0,0,3.98,65.5
0,0,1,0,0,1.97,54.4
0,0,1,0,0,3.89,45.0
0,0,1,0,0,2.49,40.1
0,0,1,0,0,2.45,43.8
0,0,1,0,0,2.32,49.9
0,1,1,0,0,2.43,42.3
0,0,1,0,0,2.64,60.9
0,0,1,0,0,3.87,44.3
0,1,1,0,0,0.34,34.8
0,0,1,0,0,5.88,51.0
0,0,1,0,0,23.01,53.9
0,1,1,0,0,0.13,39.3
0,0,1,0,0,9.46,56.0
0,0,1,0,0,4.41,50.2
0,1,1,0,0,3.45,52.4
0,0,1,0,0,8.45,46.8
0,0,1,0,0,1.78,37.1
0,0,1,0,0,2.68,45.8
0,0,1,0,0,1.43,34.9
0,0,1,0,0,0.30,38.9
0,0,1,0,0,1.89,29.3
0,0,1,0,0,0.57,50.2
0,0,1,0,0,1.70,30.6
0,0,1,0,0,0.82,31.9
0,0,1,0,0,3.26,59.3
0,0,1,0,0,0.48,44.9
0,1,1,0,0,5.27,48.2
0,1,1,0,0,0.07,38.1
0,1,1,0,0,1.60,43.9
0,0,1,0,0,1.43,38.5
0,0,1,0,0,1.51,53.6
0,1,1,0,0,0.76,54.8
0,1,1,0,0,7.43,38.3
0,0,1,0,0,1.11,63.3
0,1,1,0,0,0.69,33.3
0,0,1,0,0,2.28,49.0
0,0,1,0,0,3.12,55.6
0,0,1,0,0,1.05,31.9
0,0,1,0,0,3.10,45.3
0,0,1,0,0,2.32,37.1
0,0,1,0,0,0.46,42.0
0,1,1,0,0,0.48,57.0
0,0,1,0,0,3.58,28.9
0,0,1,0,0,6.03,48.4
0,0,1,0,0,2.87,40.9
0,0,1,0,0,9.46,43.1
0,0,1,0,0,10.46,58.7
0,0,1,0,0,3.77,50.4
0,1,1,0,0,3.93,50.9
0,1,1,0,0,10.14,34.1
0,0,1,0,0,2.68,40.0
0,1,1,0,0,2.16,69.4
0,1,1,0,0,1.42,59.1
0,1,1,0,0,7.59,46.7
0,1,1,0,0,0.42,45.0
0,1,1,0,0,0.53,54.0
0,1,1,0,0,1.91,62.2
0,1,1,0,0,0.25,55.7
0,0,1,0,0,0.40,45.8
0,1,1,0,0,2.51,51.0
0,0,1,0,0,2.14,69.1
0,1,1,0,0,4.29,54.1
0,0,1,0,0,1.26,31.9
0,0,1,0,0,4.59,42.2
0,0,1,0,0,5.29,41.1
0,0,1,0,0,5.27,52.7
0,1,1,0,0,1.11,62.7
0,0,1,0,0,0.48,52.0
0,0,1,0,0,4.04,41.9
0,0,1,0,0,2.83,45.3
0,0,1,0,0,11.36,40.1
0,1,1,0,0,1.87,31.1
0,0,1,0,0,11.63,38.5
1,0,1,0,0,0.49,50.7
1,1,1,0,0,5.52,29.5
1,1,1,0,0,2.97,44.8
1,1,1,0,0,6.51,33.9
1,1,1,0,0,0.55,36.5
1,0,1,0,0,0.90,34.5
1,0,1,0,0,0.48,39.4
1,1,1,0,0,0.36,45.0
1,0,1,0,0,2.18,33.7
1,0,1,0,0,1.89,37.6
1,0,1,0,0,0.19,56.5
1,0,1,0,0,1.15,27.2
1,0,1,0,0,1.05,31.0
1,0,1,0,0,0.09,49.4
1,0,1,0,0,0.27,25.0
1,0,1,0,0,0.78,44.2
1,1,1,0,0,0.28,53.1
1,0,1,0,0,1.30,46.0
1,0,1,0,0,0.19,49.5
1,0,1,0,0,0.13,58.5
1,0,1,0,0,0.53,43.1
1,0,1,0,0,0.05,31.8
1,1,1,0,0,0.19,34.7
1,0,1,0,0,4.04,62.4
1,0,1,0,0,1.20,50.0
1,0,1,0,0,1.82,62.6
1,1,1,0,0,1.84,42.7
1,0,1,0,0,0.38,52.4
1,0,1,0,0,0.09,59.9
1,0,1,0,0,1.13,60.5
1,0,1,0,0,3.12,60.4
1,0,1,0,0,3.64,46.6
1,1,1,0,0,4.87,45.1
1,0,1,0,0,1.72,57.8
1,0,1,0,0,0.25,48.3
1,1,1,0,0,6.17,50.3
1,0,1,0,0,0.25,50.5
1,0,1,0,0,2.20,42.0
1,0,1,0,0,2.20,34.4
1,0,1,0,0,0.17,52.1
1,1,1,0,0,2.20,43.5
0,0,0,0,0,0.53,55.2
0,0,0,0,0,3.73,28.1
0,0,0,0,0,10.75,34.1
0,0,0,0,0,3.92,28.9
0,0,0,0,0,1.00,39.0
0,0,0,0,0,4.16,27.7
0,0,0,0,0,0.32,25.7
0,0,0,0,0,2.37,33.6
0,0,0,0,0,4.07,40.9
0,0,0,0,0,10.10,43.1
0,0,0,0,0,10.71,60.7
0,0,0,0,0,6.78,30.8
0,1,0,0,0,4.16,28.0
0,0,0,0,0,7.31,43.8
0,0,0,0,0,7.37,59.3
0,0,0,0,0,0.65,29.4
0,0,0,0,0,2.58,25.3
0,0,0,0,0,1.32,28.9
0,1,0,0,0,0.36,37.8
0,1,0,0,0,6.23,34.7
0,0,0,0,0,0.09,43.7
0,1,0,0,0,6.84,55.3
0,1,0,0,0,0.65,31.0
0,1,0,0,0,0.30,52.1
0,1,0,0,0,0.21,40.9
0,0,0,0,0,2.12,61.4
0,0,0,0,0,9.00,43.8
0,0,0,0,0,2.41,52.2
0,0,0,0,0,1.42,34.8
0,0,0,0,0,2.70,52.5
0,0,0,0,0,2.83,48.8
0,0,0,0,0,12.33,60.7
0,0,0,0,0,4.59,42.6
0,0,0,0,0,10.65,41.1
0,0,0,0,0,2.20,41.0
0,1,0,0,0,0.42,27.2
0,0,0,0,0,2.12,60.4
0,1,0,0,0,1.78,30.3
0,1,0,0,0,6.76,34.4
0,0,0,0,0,16.92,53.9
0,0,0,0,0,3.62,34.9
0,0,0,0,0,3.45,37.3
0,0,0,0,0,4.65,35.7
0,0,0,0,0,1.66,39.9
0,0,0,0,0,3.98,26.2
0,0,0,0,0,5.46,43.2
0,1,0,0,0,0.09,34.2
0,0,0,0,0,0.51,60.4
0,0,0,0,0,2.97,32.8
0,0,0,0,0,3.58,51.6
0,0,0,0,0,9.48,70.3
0,0,0,0,0,9.00,52.9
0,0,0,0,0,0.46,27.0
0,0,0,0,0,1.09,68.5
0,0,0,0,0,5.48,29.8
0,1,0,0,0,0.32,27.0
0,1,0,0,0,5.94,31.4
0,0,0,0,0,1.45,32.8
0,0,0,0,0,2.05,56.8
0,0,0,0,0,1.45,44.6
0,0,0,0,0,13.95,46.9
0,0,0,0,0,3.12,58.8
0,0,0,0,0,1.47,41.3
0,0,0,0,0,8.01,57.9
0,0,0,0,0,2.66,26.4
0,0,0,0,0,4.62,36.1
0,1,0,0,0,0.21,52.1
0,0,0,0,0,1.05,40.8
0,0,0,0,0,2.53,44.4
0,0,0,0,0,7.80,64.0
0,0,0,0,0,8.63,61.3
0,1,0,0,0,2.26,40.6
0,0,0,0,0,5.21,50.3
0,0,0,0,0,2.18,32.8
0,0,0,0,0,1.72,48.1
0,0,0,0,0,2.64,44.8
0,0,0,0,0,0.25,24.5
0,1,0,0,0,4.33,48.3
0,0,0,0,0,5.32,44.1
0,0,0,0,0,7.00,67.1
0,0,0,0,0,2.64,47.4
0,0,0,0,0,4.41,61.6
0,0,0,0,0,0.34,51.1
0,0,0,0,0,4.25,43.6
0,1,0,0,0,0.76,53.4
0,1,0,0,0,5.36,54.4
0,0,0,0,0,5.01,41.8
0,0,0,0,0,0.11,43.7
0,0,0,0,0,3.92,40.8
0,0,0,0,0,8.76,61.3
0,1,0,0,0,1.42,24.5
0,1,0,0,0,2.35,26.2
0,0,0,0,0,0.69,43.9
0,1,0,0,0,1.42,23.8
0,1,0,0,0,5.10,46.8
0,0,0,0,0,5.08,37.0
0,0,0,0,0,0.80,49.8
0,0,0,0,0,-0.01,43.3
0,0,0,0,0,15.00,51.5
0,0,0,0,0,0.95,60.8
0,0,0,0,0,10.17,61.4
0,0,0,0,0,8.20,56.4
0,0,0,0,0,1.84,46.8
0,0,0,0,0,6.13,38.4
0,1,0,0,0,0.65,45.5
0,0,0,0,0,4.17,43.2
0,1,0,0,0,1.32,39.9
0,0,0,0,0,1.17,43.2
0,1,0,0,0,9.38,41.8
0,0,0,0,0,9.60,64.5
0,0,0,0,0,3.39,33.3
0,0,0,0,0,1.84,33.6
0,1,0,0,0,0.21,46.6
0,1,0,0,0,5.82,48.4
0,0,0,0,0,2.60,43.1
0,0,0,0,0,3.91,30.0
0,0,0,0,0,5.17,51.7
0,0,0,0,0,1.51,52.6
0,1,0,0,0,5.19,45.3
0,0,0,0,0,2.01,48.5
0,0,0,0,0,2.58,62.0
0,0,0,0,0,1.65,63.2
0,1,0,0,0,1.78,24.8
0,0,0,0,0,2.32,48.7
0,0,0,0,0,1.42,51.7
0,0,0,0,0,10.59,35.4
0,0,0,0,0,0.53,38.3
0,0,0,0,0,9.48,51.2
0,1,0,0,0,3.12,46.5
0,1,0,0,0,2.53,42.0
0,1,0,0,0,3.56,45.1
0,0,0,0,0,1.60,52.1
0,1,0,0,0,1.36,46.9
0,0,0,0,0,2.33,48.7
0,1,0,0,0,8.76,45.1
0,1,0,0,0,1.15,59.7
0,0,0,0,0,1.32,45.4
0,0,0,0,0,1.30,43.2
0,1,0,0,0,2.22,55.3
0,0,0,0,0,1.51,55.1
0,0,0,0,0,5.70,39.6
0,0,0,0,0,1.32,36.1
0,1,0,0,0,1.20,47.4
0,0,0,0,0,2.24,37.8
0,1,0,0,0,1.36,55.5
0,1,0,0,0,10.14,32.6
0,1,0,0,0,4.42,35.5
0,0,0,0,0,0.11,53.1
0,0,0,0,0,0.84,51.1
0,0,0,0,0,9.36,48.9
0,0,0,0,0,3.66,49.5
0,0,0,0,0,3.56,43.3
0,0,0,0,0,0.05,59.6
0,0,0,0,0,0.46,42.3
0,1,0,0,0,2.39,52.3
0,0,0,0,0,3.75,39.8
0,0,0,0,0,2.66,32.9
0,1,0,0,0,3.22,50.3
0,0,0,0,0,3.43,37.6
0,0,0,0,0,1.34,32.3
0,1,0,0,0,2.87,48.8
0,0,0,0,0,4.06,38.6
0,0,0,0,0,1.43,28.8
0,1,0,0,0,1.20,45.6
0,0,0,0,0,0.61,35.0
0,0,0,0,0,2.85,34.2
0,0,0,0,0,1.42,49.7
0,1,0,0,0,1.11,49.1
0,1,0,0,0,7.64,47.4
0,0,0,0,0,2.53,47.0
0,0,0,0,0,3.03,65.3
0,0,0,0,0,1.70,33.4
0,1,0,0,0,1.59,53.1
0,1,0,0,0,1.24,51.6
0,0,0,0,0,1.72,40.2
0,0,0,0,0,1.65,51.0
0,1,0,0,0,2.49,48.7
0,0,0,0,0,0.27,29.3
0,1,0,0,0,1.80,51.0
0,0,0,0,0,0.74,49.6
0,1,0,0,0,8.54,56.2
0,0,0,0,0,3.35,36.3
0,1,0,0,0,7.31,49.7
0,1,0,0,0,6.19,59.8
0,1,0,0,0,0.44,56.2
0,1,0,0,0,0.09,45.5
0,0,0,0,0,0.44,45.5
0,1,0,0,0,1.36,45.0
0,1,0,0,0,4.59,56.7
0,1,0,0,0,2.91,53.7
0,0,0,0,0,1.43,51.1
0,0,0,0,0,1.77,54.3
0,1,0,0,0,2.07,36.3
0,1,0,0,0,1.82,28.5
0,1,0,0,0,0.01,56.0
0,0,0,0,0,1.30,31.0
0,0,0,0,0,2.14,48.7
0,0,0,0,0,1.15,30.8
0,1,0,0,0,0.13,45.6
0,0,0,0,0,3.70,50.0
0,0,0,0,0,3.01,54.7
0,0,0,0,0,2.16,47.1
0,0,0,0,0,0.17,51.3
0,1,0,0,0,2.33,55.2
0,0,0,0,0,3.56,40.5
0,0,0,0,0,9.45,50.3
0,0,0,0,0,1.09,30.7
0,1,0,0,0,4.42,43.5
0,0,0,0,0,3.49,36.2
0,0,0,0,0,1.91,38.4
0,0,0,0,0,3.64,31.6
0,0,0,0,0,0.07,56.0
0,1,0,0,0,7.68,53.4
0,0,0,0,0,2.66,46.3
0,1,0,0,0,6.84,40.1
0,0,0,0,0,1.80,43.6
0,1,0,0,0,2.49,56.5
0,1,0,0,0,1.13,48.4
0,0,0,0,0,2.09,61.4
0,1,0,0,0,1.71,50.2
0,0,0,0,0,1.28,41.0
0,0,0,0,0,0.99,37.3
0,0,0,0,0,0.04,44.8
0,0,0,0,0,0.30,45.9
0,0,0,0,0,1.24,42.4
0,0,0,0,0,4.64,46.6
0,1,0,0,0,7.84,47.9
0,1,0,0,0,2.20,46.9
0,0,0,0,0,3.47,25.7
0,0,0,0,0,3.77,43.2
0,1,0,0,0,2.32,38.0
0,0,0,0,0,1.86,38.8
0,0,0,0,0,1.91,47.5
0,1,0,0,0,4.14,57.6
0,1,0,0,0,7.41,38.7
0,0,0,0,0,2.80,51.8
0,0,0,0,0,2.14,58.5
0,1,0,0,0,0.44,52.8
0,1,0,0,0,0.69,70.0
0,1,0,0,0,0.38,30.7
0,0,0,0,0,1.24,44.4
0,1,0,0,0,0.67,64.1
0,0,0,0,0,3.16,49.3
0,0,0,0,0,1.89,44.3
0,1,0,0,0,8.62,55.9
0,1,0,0,0,4.50,30.9
0,0,0,0,0,1.40,50.4
0,0,0,0,0,6.26,46.7
0,1,0,0,0,0.84,38.9
0,1,0,0,0,7.63,32.3
0,0,0,0,0,5.42,52.0
0,0,0,0,0,2.76,64.2
0,0,0,0,0,2.93,65.0
0,0,0,0,0,0.99,60.3
0,0,0,0,0,8.81,45.1
0,1,0,0,0,9.84,36.2
0,0,0,0,0,10.71,38.9
0,0,0,0,0,12.34,44.7
0,0,0,0,0,0.84,38.1
0,1,0,0,0,6.74,52.1
0,1,0,0,0,3.52,37.1
0,0,0,0,0,0.15,35.9
0,1,0,0,0,1.83,45.0
0,0,0,0,0,3.96,67.3
0,1,0,0,0,1.83,38.6
0,0,0,0,0,4.75,59.9
0,0,0,0,0,5.79,46.2
0,0,0,0,0,5.79,53.3
0,1,0,0,0,3.03,42.3
0,0,0,0,0,0.25,55.3
0,0,0,0,0,9.98,42.8
0,0,0,0,0,6.18,64.1
0,0,0,0,0,1.20,58.4
0,1,0,0,0,0.09,35.8
0,0,0,0,0,1.51,48.0
0,0,0,0,0,0.07,57.6
0,0,0,0,0,5.88,26.0
0,0,0,0,0,9.88,42.5
0,0,0,0,0,10.34,64.3
0,0,0,0,0,0.57,52.5
0,0,0,0,0,12.38,43.1
0,0,0,0,0,9.75,55.4
0,0,0,0,0,12.84,58.7
0,0,0,0,0,11.75,48.3
0,0,0,0,0,10.81,41.2
0,0,0,0,0,12.59,33.7
0,0,0,0,0,0.28,49.3
0,0,0,0,0,4.77,51.3
0,0,0,0,0,7.80,55.8
1,0,0,0,0,3.47,27.3
1,0,0,0,0,0.30,54.4
1,0,0,0,0,0.74,33.7
1,0,0,0,0,0.22,36.8
1,0,0,0,0,0.46,29.7
1,0,0,0,0,5.19,47.4
1,0,0,0,0,5.46,33.7
1,0,0,0,0,0.38,34.4
1,0,0,0,0,1.74,31.8
1,0,0,0,0,4.44,33.8
1,0,0,0,0,0.17,56.3
1,0,0,0,0,1.66,35.2
1,0,0,0,0,1.66,31.3
1,0,0,0,0,1.24,46.9
1,0,0,0,0,0.90,43.5
1,0,0,0,0,0.05,35.4
1,0,0,0,0,2.24,36.7
1,1,0,0,0,0.09,33.7
1,0,0,0,0,1.36,56.5
1,0,0,0,0,9.18,66.3
1,1,0,0,0,0.95,40.0
1,0,0,0,0,12.92,69.4
1,0,0,0,0,9.56,59.2
1,0,0,0,0,4.37,51.9
1,1,0,0,0,1.05,62.4
1,0,0,0,0,1.00,45.7
1,0,0,0,0,2.05,52.8
1,0,0,0,0,1.32,34.0
1,1,0,0,0,3.54,29.9
1,0,0,0,0,0.34,31.4
1,0,0,0,0,2.90,33.1
1,0,0,0,0,3.77,60.1
1,1,0,0,0,4.29,46.0
1,0,0,0,0,4.31,52.3
1,0,0,0,0,2.07,37.8
1,0,0,0,0,0.42,40.7
1,0,0,0,0,5.09,46.0
1,0,0,0,0,2.35,56.7
1,0,0,0,0,2.05,49.7
1,0,0,0,0,0.94,46.4
1,0,0,0,0,2.39,47.7
1,0,0,0,0,2.43,46.9
1,0,0,0,0,2.68,58.8
1,0,0,0,0,3.49,52.6
1,0,0,0,0,0.65,52.6
1,0,0,0,0,1.32,37.9
1,0,0,0,0,2.58,46.5
1,1,0,0,0,-0.01,53.0
1,1,0,0,0,0.42,50.9
1,1,0,0,0,0.11,53.6
1,1,0,0,0,0.94,26.8
1,0,0,0,0,2.41,44.0
1,0,0,0,0,0.94,37.1
1,0,0,0,0,0.30,39.8
1,1,0,0,0,0.17,45.8
1,1,0,0,0,2.37,40.7
1,0,0,0,0,1.07,36.9
1,0,0,0,0,3.47,47.1
1,0,0,0,0,0.19,34.4
1,0,0,0,0,0.76,41.4
1,0,0,0,0,0.51,48.6
1,0,0,0,0,2.66,38.0
1,0,0,0,0,2.66,28.8
1,0,0,0,0,0.04,51.1
1,0,0,0,0,0.13,29.3
1,1,0,0,0,0.09,54.2
1,1,0,0,0,2.43,47.2
1,0,0,0,0,9.54,50.3
1,0,0,0,0,1.32,51.6
1,0,0,0,0,1.30,52.4
1,0,0,0,0,0.21,38.3
1,0,0,0,0,7.24,31.3
1,1,0,0,0,6.72,51.3
1,1,0,0,0,5.27,36.3
1,0,0,0,0,6.51,38.3
1,0,0,0,0,2.81,51.8
1,1,1,1,1,0.51,29.0
0,1,0,1,1,0.49,50.7
0,1,1,1,1,2.35,61.5
0,1,1,1,1,0.17,28.6
0,1,1,1,1,0.57,24.7
0,1,1,1,1,0.09,25.4
0,1,1,1,1,0.74,30.6
0,0,1,1,1,3.50,46.6
0,0,1,1,1,2.01,27.6
0,0,1,1,1,0.94,59.0
0,1,1,1,1,6.23,52.0
0,0,1,1,1,0.09,50.3
0,0,1,1,1,1.66,29.1
0,0,1,1,1,1.40,52.7
0,0,1,1,1,2.53,40.1
0,1,1,1,1,2.68,49.1
0,1,1,1,1,6.34,60.7
0,0,1,1,1,1.36,23.4
0,1,1,1,1,0.63,24.8
0,0,1,1,1,4.06,37.7
0,0,1,1,1,0.90,60.0
0,0,1,1,1,3.00,56.4
0,0,1,1,1,2.26,42.5
0,1,1,1,1,1.24,29.1
0,1,1,1,1,2.89,28.8
0,0,1,1,1,4.56,56.2
0,0,1,1,1,0.74,51.3
0,0,1,1,1,3.96,46.7
0,1,1,1,1,6.55,29.1
0,0,1,1,1,1.05,37.1
0,1,1,1,1,4.48,44.2
0,0,1,1,1,1.63,54.7
0,1,1,1,1,2.73,36.5
0,0,1,1,1,0.17,43.8
0,0,1,1,1,0.19,54.2
0,1,1,1,1,2.64,39.6
0,0,1,1,1,3.94,46.6
0,0,1,1,1,4.59,59.7
0,0,1,1,1,1.66,48.0
0,1,1,1,1,0.55,43.0
0,1,1,1,1,0.44,36.4
0,1,1,1,1,2.18,59.6
0,1,1,1,1,4.52,38.5
0,1,1,1,1,0.57,33.4
0,1,1,1,1,7.91,49.8
0,1,1,1,1,4.79,44.7
0,0,1,1,1,8.41,55.1
0,0,1,1,1,0.15,31.2
0,0,1,1,1,1.80,54.9
0,0,1,1,1,1.84,34.0
0,0,1,1,1,-0.01,36.4
0,0,1,1,1,1.13,49.4
0,1,1,1,1,4.59,45.1
0,0,1,1,1,1.34,33.9
0,0,1,1,1,4.23,60.7
0,1,1,1,1,2.28,33.2
0,0,1,1,1,2.45,60.3
0,1,1,1,1,1.13,40.7
0,1,1,1,1,6.31,35.1
0,0,1,1,1,1.80,26.7
0,1,1,1,1,3.83,35.2
0,0,1,1,1,5.13,63.1
0,0,1,1,1,1.53,39.6
0,0,1,1,1,3.73,48.7
0,0,1,1,1,1.24,59.2
0,0,1,1,1,16.65,47.2
0,0,1,1,1,3.68,38.6
0,0,1,1,1,1.84,37.6
0,0,1,1,1,0.61,43.6
0,0,1,1,1,0.84,35.5
0,0,1,1,1,2.87,51.5
0,0,1,1,1,1.72,39.1
0,0,1,1,1,1.30,29.5
0,0,1,1,1,1.80,32.5
0,1,1,1,1,1.72,38.0
0,0,1,1,1,2.51,35.1
1,1,1,1,1,0.49,28.8
1,0,1,1,1,0.36,40.3
1,0,1,1,1,1.38,32.9
1,0,1,1,1,1.89,36.3
1,1,1,1,1,2.53,30.3
1,0,1,1,1,2.37,36.0
1,0,1,1,1,0.48,26.3
1,0,1,1,1,4.52,33.3
1,0,1,1,1,4.04,61.3
1,0,1,1,1,1.76,44.2
1,0,1,1,1,4.96,39.6
1,0,1,1,1,0.63,31.8
1,0,1,1,1,0.51,31.7
1,0,1,1,1,3.75,30.4
1,0,1,1,1,0.25,27.7
1,0,1,1,1,2.49,37.9
1,0,1,1,1,1.30,48.8
1,0,1,1,1,1.20,47.5
1,0,1,1,1,2.62,42.8
1,0,1,1,1,3.58,38.2
1,0,1,1,1,0.71,53.0
0,0,0,1,1,1.28,34.9
0,0,0,1,1,3.98,44.2
0,1,0,1,1,0.42,30.9
0,1,0,1,1,3.04,29.3
0,1,0,1,1,2.95,35.0
0,0,0,1,1,0.97,29.9
0,0,0,1,1,0.74,36.2
0,1,0,1,1,2.66,28.3
0,0,0,1,1,1.51,38.4
0,0,0,1,1,9.04,35.3
0,0,0,1,1,2.72,28.7
0,0,0,1,1,2.64,37.8
0,0,0,1,1,0.69,27.1
0,1,0,1,1,1.15,40.8
0,0,0,1,1,2.89,35.3
0,0,0,1,1,2.51,41.3
0,1,0,1,1,4.04,51.4
0,1,0,1,1,3.41,42.5
0,0,0,1,1,0.36,30.3
0,0,0,1,1,1.74,35.5
0,0,0,1,1,3.96,33.9
0,0,0,1,1,0.36,40.0
0,1,0,1,1,11.46,66.0
0,1,0,1,1,1.30,38.1
0,0,0,1,1,1.13,38.8
0,0,0,1,1,0.51,45.1
0,0,0,1,1,1.32,32.2
0,1,0,1,1,0.38,42.8
0,1,0,1,1,0.17,36.3
0,0,0,1,1,4.41,29.0
0,0,0,1,1,2.32,34.3
0,1,0,1,1,10.84,57.5
0,0,0,1,1,6.93,40.2
0,0,0,1,1,4.48,52.4
0,1,0,1,1,1.53,39.6
0,1,0,1,1,1.07,29.2
0,0,0,1,1,4.21,42.2
0,0,0,1,1,3.96,30.1
0,1,0,1,1,1.76,31.8
0,0,0,1,1,0.97,37.8
0,0,0,1,1,2.87,29.0
0,0,0,1,1,4.46,40.2
0,1,0,1,1,4.48,31.2
0,0,0,1,1,0.40,36.5
0,1,0,1,1,0.38,30.5
0,0,0,1,1,0.48,48.0
0,1,0,1,1,3.27,28.1
0,1,0,1,1,1.13,32.2
0,0,0,1,1,3.67,54.3
0,1,0,1,1,3.70,41.9
0,1,0,1,1,3.14,35.0
0,0,0,1,1,6.99,66.5
0,0,0,1,1,6.40,61.2
0,0,0,1,1,1.57,26.6
0,0,0,1,1,1.11,39.5
0,1,0,1,1,2.36,36.2
0,0,0,1,1,2.55,26.7
1,1,0,1,1,1.68,21.6
1,1,0,1,1,0.53,30.2
1,0,0,1,1,4.73,30.4
1,0,0,1,1,4.04,37.0
1,0,0,1,1,2.89,29.1
1,0,0,1,1,0.17,30.2
1,1,0,1,1,0.53,20.2
1,0,0,1,1,1.26,42.4
1,0,0,1,1,1.20,32.6
1,0,0,1,1,0.44,66.8
1,0,0,1,1,0.38,36.2
1,1,0,1,1,0.97,44.8
1,0,0,1,1,1.97,32.0
0,1,1,1,1,4.19,57.6
0,1,1,1,1,0.36,27.3
0,1,1,1,1,2.28,61.3
0,1,1,1,1,1.51,59.7
0,0,1,1,1,0.36,39.5
0,1,1,1,1,0.09,31.4
0,0,1,1,1,10.04,55.1
0,1,1,1,1,1.49,52.8
0,0,1,1,1,0.44,28.4
0,0,1,1,1,1.20,46.3
0,0,1,1,1,1.38,64.7
0,0,1,1,1,1.63,51.8
0,0,1,1,1,0.44,25.4
0,0,1,1,1,2.03,59.3
0,1,1,1,1,1.32,34.2
0,0,1,1,1,1.86,27.2
0,1,1,1,1,0.17,45.5
0,1,1,1,1,3.52,45.9
0,1,1,1,1,0.74,34.1
0,0,1,1,1,0.76,57.1
0,1,1,1,1,1.36,30.0
0,1,1,1,1,0.17,34.4
0,0,1,1,1,12.55,48.7
0,1,1,1,1,0.46,32.8
0,1,1,1,1,0.40,23.7
0,0,1,1,1,0.86,37.9
0,1,1,1,1,3.08,46.3
0,1,1,1,1,0.34,28.2
0,0,1,1,1,1.07,26.4
0,1,1,1,1,1.60,40.5
0,1,1,1,1,0.44,35.7
0,0,1,1,1,0.53,33.0
0,0,1,1,1,0.71,50.6
0,1,1,1,1,1.42,50.5
0,1,1,1,1,0.63,55.8
0,0,1,1,1,0.40,42.0
0,0,1,1,1,1.42,54.7
0,1,1,1,1,1.15,26.1
0,1,1,1,1,0.57,37.7
0,0,1,1,1,1.34,34.9
0,0,1,1,1,4.12,47.0
0,1,1,1,1,0.21,31.0
0,0,1,1,1,1.57,60.4
0,0,1,1,1,1.76,26.4
0,1,1,1,1,0.82,27.1
0,1,1,1,1,3.88,44.6
0,0,1,1,1,1.78,44.4
0,0,1,1,1,1.30,42.5
0,1,1,1,1,0.30,29.4
0,0,1,1,1,0.15,30.5
0,0,1,1,1,2.22,53.6
0,1,1,1,1,1.11,41.9
0,0,1,1,1,4.59,32.1
0,0,1,1,1,0.42,54.7
0,1,1,1,1,1.20,31.2
0,0,1,1,1,0.30,47.5
0,0,1,1,1,0.21,34.9
0,1,1,1,1,1.20,39.3
0,0,1,1,1,1.24,27.5
0,0,1,1,1,1.49,30.0
0,1,1,1,1,0.61,43.2
0,0,1,1,1,1.42,39.7
0,1,1,1,1,2.24,46.7
0,0,1,1,1,1.66,40.9
0,0,1,1,1,2.39,56.3
0,0,1,1,1,1.66,32.1
0,1,1,1,1,1.20,37.8
0,0,1,1,1,0.13,24.7
0,1,1,1,1,1.42,43.4
0,1,1,1,1,1.51,35.7
0,0,1,1,1,0.73,29.3
0,1,1,1,1,0.38,46.3
0,1,1,1,1,1.60,59.0
0,0,1,1,1,0.99,35.5
0,0,1,1,1,0.27,54.7
0,0,1,1,1,3.39,44.3
0,0,1,1,1,0.51,49.6
0,0,1,1,1,3.72,26.0
0,1,1,1,1,1.78,67.3
0,0,1,1,1,1.51,58.5
0,1,1,1,1,0.17,26.0
0,1,1,1,1,1.36,38.8
0,0,1,1,1,3.66,59.1
0,0,1,1,1,0.40,44.2
0,0,1,1,1,0.30,35.4
0,1,1,1,1,-0.01,43.8
0,0,1,1,1,1.78,34.0
0,1,1,1,1,0.48,38.9
0,0,1,1,1,0.21,35.4
0,0,1,1,1,1.05,33.2
0,1,1,1,1,0.30,35.4
0,0,1,1,1,1.43,30.1
0,0,1,1,1,1.13,37.3
0,1,1,1,1,1.13,38.0
0,0,1,1,1,0.27,28.4
0,0,1,1,1,2.97,40.9
0,1,1,1,1,1.70,60.1
0,1,1,1,1,1.91,27.4
0,1,1,1,1,0.30,29.4
0,0,1,1,1,0.36,28.7
0,0,1,1,1,0.21,42.7
0,0,1,1,1,0.36,27.8
0,0,1,1,1,0.44,60.3
0,1,1,1,1,2.22,54.8
0,1,1,1,1,3.94,32.9
0,0,1,1,1,2.22,43.4
0,0,1,1,1,0.21,59.4
0,0,1,1,1,0.05,28.5
0,0,1,1,1,0.44,28.9
0,1,1,1,1,3.50,57.1
0,0,1,1,1,1.70,37.5
0,1,1,1,1,4.12,57.1
0,0,1,1,1,0.21,35.5
0,1,1,1,1,1.07,22.3
0,1,1,1,1,3.89,38.7
0,0,1,1,1,0.38,31.0
0,0,1,1,1,1.72,37.0
0,0,1,1,1,0.09,53.3
0,0,1,1,1,0.92,43.1
0,0,1,1,1,1.07,53.7
0,0,1,1,1,2.49,46.2
0,0,1,1,1,3.33,52.6
0,0,1,1,1,1.78,62.8
0,0,1,1,1,0.48,37.0
0,1,1,1,1,1.15,60.6
0,1,1,1,1,7.51,42.8
0,1,1,1,1,1.20,22.9
0,0,1,1,1,0.48,58.4
0,1,1,1,1,0.49,36.4
0,1,1,1,1,0.51,35.1
0,0,1,1,1,0.21,34.5
0,0,1,1,1,0.19,33.1
0,1,1,1,1,1.63,52.2
0,1,1,1,1,1.34,35.3
0,0,1,1,1,0.51,48.4
0,1,1,1,1,0.17,28.4
0,1,1,1,1,1.32,48.0
0,0,1,1,1,1.60,29.1
0,1,1,1,1,0.44,30.5
0,1,1,1,1,1.15,35.1
0,0,1,1,1,0.17,39.3
0,1,1,1,1,1.01,31.4
0,0,1,1,1,8.99,60.3
0,1,1,1,1,2.51,37.5
0,0,1,1,1,0.40,25.3
0,1,1,1,1,0.40,36.0
0,0,1,1,1,1.42,57.3
0,0,1,1,1,2.51,45.4
0,1,1,1,1,0.51,54.8
0,1,1,1,1,0.04,45.6
0,0,1,1,1,2.41,45.0
0,1,1,1,1,0.44,63.4
0,1,1,1,1,0.09,34.3
0,0,1,1,1,2.47,35.0
0,0,1,1,1,2.47,64.7
0,0,1,1,1,0.67,28.5
0,1,1,1,1,1.15,42.0
0,1,1,1,1,0.46,56.3
0,1,1,1,1,1.60,43.4
0,0,1,1,1,3.24,46.9
0,1,1,1,1,1.24,42.3
0,0,1,1,1,0.46,24.9
0,0,1,1,1,1.76,43.0
0,1,1,1,1,1.09,39.3
0,1,1,1,1,1.36,26.5
0,1,1,1,1,0.88,49.5
0,1,1,1,1,0.42,25.2
0,0,1,1,1,2.24,51.0
0,0,1,1,1,16.90,51.3
0,0,1,1,1,1.07,39.3
0,0,1,1,1,0.48,38.4
0,0,1,1,1,1.34,43.1
0,1,1,1,1,0.40,39.0
0,1,1,1,1,0.57,40.5
0,0,1,1,1,2.22,39.9
0,0,1,1,1,-0.01,40.6
0,0,1,1,1,0.57,56.3
0,1,1,1,1,0.32,26.5
0,0,1,1,1,1.82,47.2
0,1,1,1,1,0.21,30.7
0,0,1,1,1,1.32,44.8
0,1,1,1,1,1.24,57.7
0,0,1,1,1,1.82,40.9
0,1,1,1,1,6.38,47.1
0,1,1,1,1,1.47,43.5
0,0,1,1,1,1.42,44.5
0,1,1,1,1,1.07,28.2
0,1,1,1,1,0.25,26.2
0,1,1,1,1,0.48,28.5
0,0,1,1,1,0.36,32.6
0,1,1,1,1,1.07,43.6
0,1,1,1,1,0.38,35.7
0,0,1,1,1,0.34,47.5
0,0,1,1,1,1.07,42.3
0,1,1,1,1,0.21,46.6
0,0,1,1,1,2.22,49.0
0,0,1,1,1,1.86,51.6
0,0,1,1,1,0.38,35.0
0,1,1,1,1,0.21,34.1
0,1,1,1,1,0.38,32.3
0,1,1,1,1,0.07,41.7
0,0,1,1,1,0.40,21.2
0,1,1,1,1,0.71,41.4
0,0,1,1,1,1.05,46.0
0,1,1,1,1,0.97,58.5
0,0,1,1,1,0.90,46.2
0,0,1,1,1,0.44,39.9
0,0,1,1,1,1.72,43.7
0,0,1,1,1,0.19,42.3
0,1,1,1,1,3.08,38.2
0,0,1,1,1,1.47,61.2
0,0,1,1,1,0.05,52.1
0,0,1,1,1,1.24,29.0
0,1,1,1,1,0.84,43.5
0,1,1,1,1,0.49,41.4
0,0,1,1,1,0.80,32.5
0,0,1,1,1,0.17,33.3
0,0,1,1,1,3.27,58.6
0,0,1,1,1,0.97,35.3
0,0,1,1,1,0.73,27.9
0,0,1,1,1,0.25,53.3
0,0,1,1,1,0.05,36.0
0,0,1,1,1,0.32,41.0
0,0,1,1,1,0.73,42.4
0,0,1,1,1,1.01,49.1
0,0,1,1,1,0.73,57.6
0,0,1,1,1,0.99,38.1
0,0,1,1,1,0.74,49.1
0,1,1,1,1,2.41,46.9
0,0,1,1,1,1.70,24.8
0,0,1,1,1,1.57,31.0
0,1,1,1,1,1.30,35.2
0,0,1,1,1,0.36,40.1
0,0,1,1,1,0.17,50.8
0,1,1,1,1,8.41,59.3
0,0,1,1,1,0.34,37.1
0,1,1,1,1,2.07,30.8
0,0,1,1,1,1.36,21.8
0,0,1,1,1,0.36,26.3
0,0,1,1,1,1.60,61.5
1,1,1,1,1,0.05,48.1
1,1,1,1,1,0.28,24.8
1,1,1,1,1,0.13,42.7
1,1,1,1,1,0.05,30.7
1,0,1,1,1,0.05,33.7
1,1,1,1,1,0.21,38.7
1,1,1,1,1,0.09,30.4
1,1,1,1,1,0.34,27.4
1,1,1,1,1,0.15,43.2
1,1,1,1,1,0.71,36.8
1,0,1,1,1,0.48,22.6
1,0,1,1,1,2.66,56.7
1,0,1,1,1,1.13,50.0
1,0,1,1,1,3.64,50.4
1,0,1,1,1,3.82,59.5
1,0,1,1,1,2.20,51.2
1,0,1,1,1,1.76,42.1
1,0,1,1,1,1.80,33.6
1,0,1,1,1,2.03,61.3
1,0,1,1,1,2.22,42.7
1,0,1,1,1,1.89,59.1
1,0,1,1,1,6.06,41.2
1,0,1,1,1,0.07,36.1
1,0,1,1,1,1.13,61.3
1,0,1,1,1,1.74,38.4
1,0,1,1,1,1.82,33.1
1,0,1,1,1,0.97,38.3
1,0,1,1,1,1.60,30.4
1,0,1,1,1,0.21,47.8
1,0,1,1,1,0.21,30.6
1,1,1,1,1,0.07,27.2
1,0,1,1,1,1.43,47.4
1,1,1,1,1,1.17,53.2
1,1,1,1,1,0.07,21.7
1,0,1,1,1,0.63,26.9
1,0,1,1,1,0.57,31.6
1,1,1,1,1,3.93,32.8
1,1,1,1,1,1.17,53.7
1,1,1,1,1,0.05,25.2
1,1,1,1,1,0.69,44.8
1,1,1,1,1,0.42,35.0
1,0,1,1,1,0.07,26.9
1,1,1,1,1,1.05,60.7
1,0,1,1,1,0.42,36.0
1,1,1,1,1,0.94,60.7
1,0,1,1,1,3.72,33.3
1,1,1,1,1,0.25,38.2
1,0,1,1,1,1.60,49.0
1,0,1,1,1,1.42,52.8
1,0,1,1,1,0.42,37.0
1,1,1,1,1,0.49,37.7
1,0,1,1,1,0.19,27.3
1,0,1,1,1,1.66,32.1
1,1,1,1,1,0.59,40.3
1,0,1,1,1,1.65,45.3
1,1,1,1,1,0.63,32.0
1,0,1,1,1,0.42,48.6
1,0,1,1,1,0.80,30.7
1,0,1,1,1,1.42,43.3
1,0,1,1,1,1.60,26.1
1,0,1,1,1,0.30,51.0
1,0,1,1,1,0.05,32.0
1,0,1,1,1,0.36,26.9
1,0,1,1,1,1.63,38.6
1,0,1,1,1,0.25,35.8
1,1,1,1,1,0.92,54.4
1,1,1,1,1,0.57,45.0
1,0,1,1,1,0.36,25.4
1,0,1,1,1,1.42,21.4
1,0,1,1,1,0.17,22.9
1,0,1,1,1,0.61,29.8
1,0,1,1,1,0.55,44.2
1,0,1,1,1,0.27,43.8
1,1,1,1,1,0.73,52.7
1,0,1,1,1,0.48,46.3
1,0,1,1,1,0.51,24.4
1,0,1,1,1,1.07,45.7
1,1,1,1,1,1.66,24.6
1,1,1,1,1,0.49,44.0
1,0,1,1,1,0.57,23.2
1,1,1,1,1,0.34,32.0
1,0,1,1,1,1.13,27.5
1,0,1,1,1,0.21,44.8
1,1,1,1,1,1.42,43.7
1,0,1,1,1,0.86,43.8
1,0,1,1,1,0.38,32.2
1,1,1,1,1,0.17,22.8
1,0,1,1,1,1.66,35.1
1,0,1,1,1,0.27,53.6
1,1,1,1,1,0.01,31.3
1,0,1,1,1,-0.01,50.4
1,0,1,1,1,0.74,35.7
1,1,1,1,1,0.07,32.8
1,1,1,1,1,3.20,36.5
1,0,1,1,1,0.07,50.7
1,0,1,1,1,0.92,53.9
1,0,1,1,1,0.17,26.1
1,0,1,1,1,0.28,43.5
1,0,1,1,1,1.86,32.4
1,0,1,1,1,0.11,27.9
1,1,1,1,1,1.20,38.1
1,0,1,1,1,0.92,60.1
1,0,1,1,1,1.30,23.8
1,0,1,1,1,0.36,27.1
1,0,1,1,1,1.87,54.7
1,0,1,1,1,1.07,25.5
1,1,1,1,1,1.32,45.5
1,1,1,1,1,1.38,38.7
1,0,1,1,1,0.59,46.5
1,1,1,1,1,0.07,52.8
1,0,1,1,1,2.01,45.9
1,1,1,1,1,3.54,60.0
1,0,1,1,1,1.36,31.0
1,0,1,1,1,3.89,55.7
1,0,1,1,1,0.27,23.4
1,0,1,1,1,0.30,24.5
1,0,1,1,1,0.42,33.3
1,0,1,1,1,0.44,38.0
1,0,1,1,1,1.86,25.5
1,1,1,1,1,0.13,49.1
1,1,1,1,1,1.01,44.7
1,0,1,1,1,1.03,37.7
1,0,1,1,1,0.30,35.4
1,0,1,1,1,0.17,30.1
1,1,1,1,1,0.27,33.9
1,0,1,1,1,0.69,30.6
1,0,1,1,1,0.27,34.6
1,0,1,1,1,2.12,51.1
1,0,1,1,1,2.55,38.3
1,0,1,1,1,0.04,49.9
1,0,1,1,1,0.73,37.9
1,0,1,1,1,0.13,29.2
1,0,1,1,1,0.04,35.7
0,0,0,1,1,0.74,34.0
0,1,0,1,1,3.98,31.5
0,1,0,1,1,0.30,37.2
0,0,0,1,1,9.51,52.2
0,0,0,1,1,0.84,29.0
0,0,0,1,1,0.69,38.6
0,0,0,1,1,0.67,57.3
0,0,0,1,1,3.73,51.2
0,0,0,1,1,1.86,38.3
0,0,0,1,1,0.27,32.3
0,0,0,1,1,0.90,38.8
0,1,0,1,1,0.36,47.3
0,1,0,1,1,1.78,32.8
0,1,0,1,1,0.55,44.9
0,1,0,1,1,1.78,46.6
0,1,0,1,1,1.78,35.4
0,0,0,1,1,1.60,41.8
0,0,0,1,1,0.80,53.0
0,1,0,1,1,1.51,32.8
0,1,0,1,1,1.49,30.5
0,0,0,1,1,0.04,45.3
0,1,0,1,1,1.13,46.1
0,1,0,1,1,0.36,45.8
0,0,0,1,1,2.47,40.9
0,1,0,1,1,1.17,47.6
0,1,0,1,1,8.64,37.4
0,1,0,1,1,0.25,21.6
0,1,0,1,1,4.25,37.4
0,0,0,1,1,1.86,28.8
0,1,0,1,1,3.47,47.1
0,1,0,1,1,4.06,30.1
0,1,0,1,1,3.68,33.7
0,0,0,1,1,2.95,39.0
0,0,0,1,1,0.13,30.8
0,0,0,1,1,1.26,37.1
0,0,0,1,1,0.67,30.8
0,0,0,1,1,0.07,39.2
0,0,0,1,1,1.82,54.6
0,1,0,1,1,10.06,48.6
0,0,0,1,1,0.21,39.0
0,0,0,1,1,0.07,34.2
0,1,0,1,1,0.44,35.0
0,1,0,1,1,2.20,30.9
0,0,0,1,1,0.28,43.0
0,0,0,1,1,0.13,49.2
0,0,0,1,1,0.57,39.6
0,1,0,1,1,1.49,20.8
0,0,0,1,1,0.32,46.4
0,0,0,1,1,0.25,30.1
0,0,0,1,1,3.16,48.7
0,0,0,1,1,0.40,35.5
0,0,0,1,1,1.38,35.9
0,0,0,1,1,1.13,33.1
0,0,0,1,1,0.21,23.4
0,0,0,1,1,1.42,28.6
0,0,0,1,1,0.27,28.9
0,1,0,1,1,0.48,50.2
0,0,0,1,1,0.74,28.4
0,0,0,1,1,1.42,59.7
0,1,0,1,1,0.44,37.8
0,1,0,1,1,0.53,27.8
0,1,0,1,1,1.05,28.5
0,1,0,1,1,0.30,43.2
0,0,0,1,1,0.25,57.2
0,0,0,1,1,0.63,25.1
0,1,0,1,1,1.03,39.1
0,0,0,1,1,0.48,29.0
0,0,0,1,1,0.40,42.5
0,0,0,1,1,0.71,45.4
0,1,0,1,1,0.97,44.3
0,0,0,1,1,0.84,30.7
0,1,0,1,1,0.30,40.3
0,0,0,1,1,1.03,52.9
0,1,0,1,1,0.78,36.8
0,0,0,1,1,2.20,44.3
0,1,0,1,1,0.30,39.8
0,0,0,1,1,0.04,36.1
0,0,0,1,1,0.44,54.3
1,0,0,1,1,0.25,48.2
1,1,0,1,1,0.42,41.2
1,1,0,1,1,0.21,47.7
1,0,0,1,1,0.11,22.9
1,0,0,1,1,2.41,42.4
1,0,0,1,1,2.20,36.5
1,0,0,1,1,1.05,50.3
1,0,0,1,1,1.43,50.0
1,0,0,1,1,1.42,47.5
1,1,0,1,1,1.82,32.1
1,1,0,1,1,1.60,53.1
1,1,0,1,1,1.82,52.7
1,1,0,1,1,0.15,25.9
1,1,0,1,1,2.72,36.4
1,1,0,1,1,0.11,36.0
1,1,0,1,1,2.22,54.8
1,1,0,1,1,0.40,34.8
1,1,0,1,1,0.57,50.7
1,0,0,1,1,1.05,54.8
1,1,0,1,1,0.15,30.0
1,0,0,1,1,1.68,60.5
1,0,0,1,1,0.46,61.0
1,0,0,1,1,0.15,22.5
1,1,0,1,1,0.19,39.8
1,1,0,1,1,1.59,44.0
1,0,0,1,1,0.11,37.7
1,0,0,1,1,0.94,24.2
1,0,0,1,1,1.30,34.5
1,1,0,1,1,0.99,36.9
1,0,0,1,1,1.70,53.4
1,1,0,1,1,0.73,65.3
1,0,0,1,1,2.01,29.7
1,0,0,1,1,2.47,39.1
1,0,0,1,1,4.12,32.1
1,0,0,1,1,0.46,55.5
1,0,0,1,1,2.22,39.0
1,1,0,1,1,1.80,61.3
1,0,0,1,1,1.26,26.7
1,0,0,1,1,0.57,20.5
1,1,0,1,1,1.11,26.9
1,0,0,1,1,0.40,47.5
1,0,0,1,1,0.34,33.6
1,1,0,1,1,0.11,43.4
1,0,0,1,1,0.11,34.4
1,0,0,1,1,1.66,25.3
1,0,0,1,1,3.75,59.5
1,0,0,1,1,0.17,25.6
1,1,0,1,1,0.05,58.3
1,0,0,1,1,2.18,62.8
1,0,0,1,1,1.19,38.3
1,0,0,1,1,1.01,26.4
0,0,1,1,1,11.25,37.4
0,0,1,1,1,8.66,33.4
0,0,1,1,1,8.26,42.8
0,1,1,1,1,1.09,27.6
0,1,1,1,1,0.40,39.1
0,0,1,1,1,2.16,26.2
0,1,1,1,1,0.36,24.7
0,1,1,1,1,0.30,21.4
0,1,1,1,1,1.74,35.4
0,1,1,1,1,5.02,57.1
0,1,1,1,1,0.34,31.7
0,1,1,1,1,0.07,50.3
0,1,1,1,1,0.61,32.0
0,1,1,1,1,2.32,34.3
0,0,1,1,1,0.49,31.6
0,0,1,1,1,0.40,47.8
0,0,1,1,1,0.57,41.7
0,1,1,1,1,3.37,37.1
0,0,1,1,1,11.92,33.4
0,0,1,1,1,0.21,23.6
0,0,1,1,1,1.32,49.4
0,0,1,1,1,6.31,33.1
0,1,1,1,1,5.00,35.2
0,1,1,1,1,4.48,42.4
0,0,1,1,1,13.96,49.8
0,1,1,1,1,4.59,30.6
0,0,1,1,1,1.80,35.6
0,0,1,1,1,3.94,35.8
0,0,1,1,1,1.80,41.1
0,0,1,1,1,1.63,55.0
0,1,1,1,1,12.22,58.1
0,0,1,1,1,2.09,58.1
0,1,1,1,1,1.30,35.5
0,1,1,1,1,1.49,49.1
0,0,1,1,1,1.49,31.4
0,1,1,1,1,1.59,26.0
0,0,1,1,1,1.59,28.5
0,0,1,1,1,1.76,47.4
0,0,1,1,1,2.35,27.6
0,1,1,1,1,0.34,42.3
0,0,1,1,1,1.05,33.0
0,1,1,1,1,1.26,37.5
0,1,1,1,1,1.57,21.7
0,0,1,1,1,-0.01,24.4
0,0,1,1,1,3.94,46.7
0,0,1,1,1,5.57,44.5
0,1,1,1,1,0.17,31.5
0,0,1,1,1,13.18,50.2
0,1,1,1,1,3.71,39.4
0,0,1,1,1,2.41,26.5
0,0,1,1,1,0.07,47.8
0,0,1,1,1,0.09,29.4
0,0,1,1,1,3.73,35.3
0,0,1,1,1,1.68,57.7
0,1,1,1,1,1.82,40.6
0,1,1,1,1,2.93,40.4
0,1,1,1,1,1.42,55.1
0,0,1,1,1,1.09,54.6
0,1,1,1,1,3.34,30.3
0,1,1,1,1,1.74,31.9
0,0,1,1,1,0.88,25.3
0,1,1,1,1,0.53,34.4
0,1,1,1,1,5.23,44.2
0,1,1,1,1,1.19,46.1
0,0,1,1,1,1.34,45.8
0,1,1,1,1,0.05,39.4
0,1,1,1,1,0.13,45.3
0,0,1,1,1,1.74,51.4
0,0,1,1,1,0.40,32.7
0,0,1,1,1,0.27,26.1
0,1,1,1,1,3.89,44.5
0,1,1,1,1,7.39,42.0
0,1,1,1,1,0.17,34.5
0,0,1,1,1,0.74,48.2
0,1,1,1,1,0.25,29.2
0,0,1,1,1,1.78,40.0
0,0,1,1,1,0.74,52.2
0,1,1,1,1,0.09,48.7
0,1,1,1,1,2.32,48.9
0,0,1,1,1,0.38,38.6
0,0,1,1,1,0.42,23.8
0,1,1,1,1,4.41,30.8
0,0,1,1,1,1.49,25.2
0,1,1,1,1,0.07,24.9
0,0,1,1,1,1.82,45.6
0,0,1,1,1,1.86,27.2
0,0,1,1,1,1.80,43.8
0,0,1,1,1,5.54,43.9
0,0,1,1,1,0.32,36.2
0,0,1,1,1,1.40,44.7
0,0,1,1,1,0.40,42.2
0,1,1,1,1,0.51,24.6
0,0,1,1,1,1.13,23.6
0,1,1,1,1,0.90,50.4
0,0,1,1,1,1.40,27.0
0,1,1,1,1,0.32,21.4
0,1,1,1,1,5.00,38.9
0,1,1,1,1,0.63,18.8
0,0,1,1,1,4.06,29.2
0,1,1,1,1,0.36,31.7
0,0,1,1,1,1.30,37.6
0,0,1,1,1,1.07,20.9
0,0,1,1,1,4.39,31.2
0,1,1,1,1,2.12,28.1
0,0,1,1,1,6.09,45.5
0,0,1,1,1,2.39,35.2
0,0,1,1,1,2.37,22.3
0,0,1,1,1,2.32,38.6
0,1,1,1,1,11.04,56.0
0,0,1,1,1,4.04,36.8
0,0,1,1,1,2.33,35.4
0,0,1,1,1,1.82,38.6
0,1,1,1,1,4.43,48.4
0,1,1,1,1,1.32,44.2
0,1,1,1,1,11.42,65.4
0,1,1,1,1,4.12,30.7
0,0,1,1,1,0.42,30.6
0,0,1,1,1,0.09,25.5
0,0,1,1,1,0.95,53.1
0,1,1,1,1,4.59,39.3
0,0,1,1,1,0.21,45.4
0,0,1,1,1,0.44,41.1
0,0,1,1,1,1.91,24.3
0,1,1,1,1,0.09,42.1
0,0,1,1,1,0.36,58.1
0,1,1,1,1,2.90,34.9
0,0,1,1,1,12.25,47.4
0,1,1,1,1,0.65,28.2
0,1,1,1,1,1.68,53.6
0,0,1,1,1,1.82,23.1
0,1,1,1,1,0.69,50.6
0,1,1,1,1,2.80,41.2
0,1,1,1,1,1.26,19.7
0,0,1,1,1,0.46,22.9
0,1,1,1,1,4.35,46.1
0,0,1,1,1,0.36,54.5
0,0,1,1,1,1.80,39.8
0,1,1,1,1,10.06,33.4
0,0,1,1,1,18.40,67.2
0,1,1,1,1,0.74,44.4
0,1,1,1,1,1.45,33.0
0,0,1,1,1,3.81,37.5
0,1,1,1,1,11.93,31.6
0,1,1,1,1,1.30,63.7
0,0,1,1,1,1.65,37.4
0,0,1,1,1,0.86,23.0
0,0,1,1,1,11.17,38.5
0,0,1,1,1,1.15,28.5
0,1,1,1,1,9.08,58.2
0,0,1,1,1,6.97,29.7
0,0,1,1,1,8.31,42.7
0,1,1,1,1,10.59,35.0
0,0,1,1,1,4.25,34.1
0,0,1,1,1,0.27,65.5
0,0,1,1,1,0.44,27.3
0,0,1,1,1,1.72,31.2
0,0,1,1,1,10.67,37.7
0,0,1,1,1,3.54,36.8
0,0,1,1,1,4.58,37.4
0,0,1,1,1,4.19,43.3
0,0,1,1,1,3.75,42.9
0,1,1,1,1,1.78,25.0
0,1,1,1,1,0.57,23.0
0,0,1,1,1,1.60,28.3
0,0,1,1,1,4.59,59.4
0,1,1,1,1,4.41,40.9
0,1,1,1,1,2.37,20.7
0,1,1,1,1,0.25,32.8
0,0,1,1,1,0.38,45.1
0,0,1,1,1,0.19,46.3
0,0,1,1,1,1.60,59.0
0,0,1,1,1,0.44,41.3
0,0,1,1,1,0.67,37.5
0,1,1,1,1,0.17,23.7
0,0,1,1,1,10.59,34.6
0,1,1,1,1,4.59,53.8
0,0,1,1,1,1.09,35.4
0,1,1,1,1,1.36,23.8
0,0,1,1,1,0.09,39.6
0,1,1,1,1,0.71,35.4
0,1,1,1,1,2.83,33.3
0,0,1,1,1,1.01,33.3
0,0,1,1,1,4.12,60.3
0,0,1,1,1,1.55,48.8
0,0,1,1,1,1.32,48.4
0,1,1,1,1,2.20,44.6
0,1,1,1,1,2.91,33.4
0,0,1,1,1,1.07,34.1
0,0,1,1,1,4.37,47.2
0,1,1,1,1,1.60,22.2
0,0,1,1,1,3.58,47.5
0,0,1,1,1,0.01,32.4
0,0,1,1,1,0.51,33.3
0,1,1,1,1,4.12,34.6
0,0,1,1,1,1.60,32.4
0,0,1,1,1,14.06,43.8
0,0,1,1,1,1.76,29.9
0,1,1,1,1,1.38,54.4
0,1,1,1,1,8.54,36.4
0,1,1,1,1,0.30,44.7
0,1,1,1,1,2.41,32.0
0,0,1,1,1,2.41,40.9
0,1,1,1,1,8.79,36.6
0,1,1,1,1,10.50,56.3
0,0,1,1,1,0.51,29.6
0,1,1,1,1,2.55,41.6
0,0,1,1,1,1.78,56.0
0,0,1,1,1,4.44,38.0
0,1,1,1,1,10.21,34.3
0,1,1,1,1,1.70,24.1
0,0,1,1,1,0.21,46.7
0,0,1,1,1,0.57,39.9
0,1,1,1,1,3.87,27.2
0,0,1,1,1,1.13,35.3
0,1,1,1,1,0.51,33.5
0,0,1,1,1,4.59,49.8
0,0,1,1,1,4.04,47.0
0,0,1,1,1,4.90,59.8
0,1,1,1,1,6.21,29.3
0,0,1,1,1,4.96,41.3
0,0,1,1,1,2.87,28.6
0,0,1,1,1,1.89,27.2
0,1,1,1,1,5.84,43.2
0,0,1,1,1,0.28,47.5
0,0,1,1,1,3.27,34.3
0,0,1,1,1,2.89,37.7
0,0,1,1,1,2.32,35.5
0,1,1,1,1,6.21,39.9
0,1,1,1,1,2.95,48.2
0,0,1,1,1,5.46,42.8
0,0,1,1,1,3.29,51.6
0,1,1,1,1,6.87,32.6
0,0,1,1,1,0.99,24.3
0,0,1,1,1,5.00,35.2
0,0,1,1,1,2.14,54.9
0,0,1,1,1,5.00,37.2
0,0,1,1,1,5.88,42.2
0,0,1,1,1,1.55,41.6
0,0,1,1,1,6.63,30.3
0,0,1,1,1,1.15,49.4
0,0,1,1,1,0.82,34.2
0,0,1,1,1,9.51,49.1
0,1,1,1,1,0.46,29.9
0,1,1,1,1,0.25,34.3
0,1,1,1,1,11.50,63.8
0,0,1,1,1,1.49,29.8
0,1,1,1,1,4.25,32.5
0,0,1,1,1,1.43,33.0
0,0,1,1,1,1.15,50.3
0,0,1,1,1,1.89,25.3
0,0,1,1,1,1.76,39.8
0,1,1,1,1,4.12,47.6
1,1,1,1,1,3.14,31.5
1,0,1,1,1,0.25,29.4
1,0,1,1,1,1.01,52.1
1,1,1,1,1,0.61,22.4
1,1,1,1,1,0.11,25.9
1,1,1,1,1,0.42,32.4
1,1,1,1,1,0.53,30.4
1,1,1,1,1,4.04,58.6
1,0,1,1,1,6.51,55.9
1,0,1,1,1,3.71,36.7
1,0,1,1,1,1.13,28.6
1,0,1,1,1,4.48,50.4
1,1,1,1,1,0.25,48.0
1,0,1,1,1,1.11,43.4
1,0,1,1,1,0.69,39.4
1,0,1,1,1,1.34,32.4
1,0,1,1,1,1.86,25.0
1,0,1,1,1,1.72,41.2
1,1,1,1,1,0.17,47.5
1,1,1,1,1,4.16,41.6
1,1,1,1,1,3.58,38.3
1,0,1,1,1,2.07,42.4
1,1,1,1,1,0.92,28.3
1,0,1,1,1,0.44,58.9
1,0,1,1,1,1.66,21.8
1,0,1,1,1,0.07,31.3
1,0,1,1,1,2.71,63.1
1,0,1,1,1,0.95,35.3
1,0,1,1,1,0.74,42.3
1,0,1,1,1,1.42,22.2
1,0,1,1,1,1.01,22.5
1,0,1,1,1,0.07,23.4
1,1,1,1,1,2.45,35.9
1,0,1,1,1,1.34,50.2
1,0,1,1,1,0.07,20.2
1,0,1,1,1,0.80,30.1
1,0,1,1,1,0.19,27.3
1,0,1,1,1,1.65,32.2
1,1,1,1,1,1.17,32.7
1,1,1,1,1,0.07,21.6
1,0,1,1,1,0.11,24.3
1,0,1,1,1,0.17,39.1
1,0,1,1,1,0.94,46.8
1,0,1,1,1,1.43,36.2
1,1,1,1,1,0.25,31.8
1,0,1,1,1,1.57,30.0
1,0,1,1,1,2.93,43.8
1,0,1,1,1,3.67,41.3
0,1,0,1,1,4.06,48.3
0,0,0,1,1,11.87,39.9
0,1,0,1,1,2.20,40.5
0,0,0,1,1,1.07,38.6
0,1,0,1,1,2.53,34.0
0,1,0,1,1,3.31,25.8
0,0,0,1,1,4.50,34.8
0,0,0,1,1,1.76,35.7
0,1,0,1,1,0.76,30.3
0,0,0,1,1,3.91,39.1
0,0,0,1,1,0.55,31.0
0,0,0,1,1,5.44,32.1
0,1,0,1,1,0.09,23.8
0,0,0,1,1,4.56,47.0
0,1,0,1,1,2.28,35.4
0,0,0,1,1,3.37,28.3
0,0,0,1,1,2.41,27.5
0,0,0,1,1,1.45,56.8
0,0,0,1,1,2.41,40.1
0,1,0,1,1,3.56,32.6
0,1,0,1,1,0.44,48.3
0,0,0,1,1,1.86,32.1
0,0,0,1,1,0.40,45.6
0,0,0,1,1,0.28,39.7
0,0,0,1,1,0.46,52.5
0,0,0,1,1,6.17,62.2
0,1,0,1,1,0.59,42.2
0,0,0,1,1,2.45,39.0
0,1,0,1,1,4.04,31.7
0,0,0,1,1,4.00,28.3
0,1,0,1,1,1.20,24.0
0,0,0,1,1,0.42,29.4
0,0,0,1,1,1.76,29.8
0,0,0,1,1,1.32,39.6
0,1,0,1,1,11.55,37.6
0,0,0,1,1,1.60,26.9
0,1,0,1,1,1.78,46.1
0,1,0,1,1,0.32,20.2
0,0,0,1,1,0.59,35.1
0,1,0,1,1,7.18,51.6
0,1,0,1,1,3.93,34.1
0,0,0,1,1,0.28,27.3
0,0,0,1,1,3.04,50.9
0,0,0,1,1,3.98,34.0
0,1,0,1,1,1.84,46.6
0,0,0,1,1,1.13,27.6
0,1,0,1,1,0.40,31.9
0,0,0,1,1,1.72,41.3
0,0,0,1,1,1.28,35.4
0,0,0,1,1,2.83,47.8
0,1,0,1,1,2.16,36.8
0,1,0,1,1,1.97,37.9
0,0,0,1,1,0.21,26.6
0,0,0,1,1,0.67,29.7
0,0,0,1,1,0.27,40.7
0,0,0,1,1,0.38,39.9
0,0,0,1,1,0.17,24.6
0,1,0,1,1,4.59,52.3
0,0,0,1,1,0.21,38.2
0,1,0,1,1,11.84,38.3
0,1,0,1,1,2.39,23.1
0,0,0,1,1,1.89,52.5
0,0,0,1,1,4.59,32.5
0,0,0,1,1,1.15,22.7
0,1,0,1,1,0.57,24.7
0,0,0,1,1,0.28,27.5
0,0,0,1,1,0.55,34.4
0,0,0,1,1,17.80,43.3
0,0,0,1,1,0.21,50.7
0,0,0,1,1,0.07,31.2
0,1,0,1,1,1.32,26.6
0,0,0,1,1,1.65,48.9
0,0,0,1,1,2.43,21.2
0,0,0,1,1,0.63,29.4
0,1,0,1,1,1.59,39.3
0,1,0,1,1,2.14,36.4
0,0,0,1,1,-0.01,46.4
0,1,0,1,1,0.47,29.4
0,0,0,1,1,0.95,36.1
0,0,0,1,1,0.55,27.2
0,1,0,1,1,7.84,35.8
0,0,0,1,1,2.33,52.5
0,0,0,1,1,1.38,32.6
0,0,0,1,1,4.14,43.5
0,1,0,1,1,1.11,34.2
0,0,0,1,1,3.15,44.8
0,1,0,1,1,0.63,20.9
0,0,0,1,1,3.37,26.6
0,0,0,1,1,1.80,40.0
0,0,0,1,1,2.30,39.5
0,1,0,1,1,2.37,25.4
0,0,0,1,1,0.07,31.8
0,0,0,1,1,4.59,56.0
0,0,0,1,1,13.60,42.9
0,1,0,1,1,2.22,29.6
0,1,0,1,1,1.72,27.1
0,0,0,1,1,1.76,35.4
0,0,0,1,1,2.58,35.9
0,1,0,1,1,4.12,57.9
0,0,0,1,1,2.41,38.8
0,1,0,1,1,0.25,40.4
0,0,0,1,1,1.15,26.1
0,0,0,1,1,1.40,35.6
0,1,0,1,1,2.26,45.4
0,0,0,1,1,4.59,54.1
0,0,0,1,1,4.42,40.5
0,0,0,1,1,1.76,29.3
0,0,0,1,1,3.71,36.0
0,0,0,1,1,0.21,37.6
0,0,0,1,1,4.04,34.7
0,1,0,1,1,1.59,31.3
0,0,0,1,1,3.12,35.1
0,0,0,1,1,1.53,41.2
0,1,0,1,1,2.24,22.5
0,1,0,1,1,0.51,53.6
0,1,0,1,1,1.66,30.2
0,1,0,1,1,3.98,43.2
0,1,0,1,1,0.44,32.2
0,1,0,1,1,1.60,29.1
0,0,0,1,1,-0.01,39.2
0,0,0,1,1,0.67,30.4
0,1,0,1,1,4.25,34.3
0,0,0,1,1,0.57,27.2
0,0,0,1,1,0.49,44.8
0,0,0,1,1,2.41,59.3
0,0,0,1,1,1.13,23.7
0,1,0,1,1,5.92,37.2
0,0,0,1,1,0.34,34.3
0,0,0,1,1,2.70,41.9
0,0,0,1,1,4.88,43.2
0,0,0,1,1,2.01,49.3
0,0,0,1,1,2.30,29.7
0,0,0,1,1,2.64,27.5
0,0,0,1,1,4.00,35.0
0,0,0,1,1,1.05,32.9
0,0,0,1,1,0.30,44.9
0,0,0,1,1,2.37,36.1
0,1,0,1,1,1.26,35.4
0,1,0,1,1,1.38,50.1
0,1,0,1,1,0.13,58.7
0,0,0,1,1,2.72,39.1
1,0,0,1,1,2.43,30.4
1,0,0,1,1,0.34,37.4
1,0,0,1,1,0.22,45.4
1,1,0,1,1,0.46,26.9
1,1,0,1,1,1.07,39.8
1,1,0,1,1,2.12,27.7
1,1,0,1,1,0.90,46.3
1,0,0,1,1,2.57,51.5
1,0,0,1,1,4.69,33.9
1,0,0,1,1,7.34,31.7
1,0,0,1,1,1.59,39.6
1,0,0,1,1,3.78,37.3
1,0,0,1,1,0.94,45.6
1,0,0,1,1,0.49,45.2
1,0,0,1,1,1.82,23.6
1,1,0,1,1,0.63,29.8
1,0,0,1,1,0.95,46.3
1,0,0,1,1,0.44,37.7
1,0,0,1,1,0.21,56.0
1,0,0,1,1,1.91,24.4
1,0,0,1,1,0.28,53.3
1,0,0,1,1,0.17,47.8
1,1,0,1,1,1.34,43.0
1,0,0,1,1,1.78,51.0
1,1,0,1,1,0.73,46.2
1,0,0,1,1,3.12,61.7
1,0,0,1,1,1.13,27.8
1,1,0,1,1,0.05,49.6
1,0,0,1,1,0.27,29.0
1,0,0,1,1,1.20,42.9
1,1,0,1,1,3.43,26.8
1,0,0,1,1,0.17,36.2
1,1,0,1,1,0.21,42.3
1,0,0,1,1,1.51,44.4
1,0,0,1,1,0.55,35.1
1,0,0,1,1,1.42,36.6
1,0,0,1,1,0.05,24.6
1,0,0,1,1,11.44,42.5
1,0,0,1,1,0.53,49.0
1,1,0,1,1,0.07,25.1
1,0,0,1,1,0.25,51.9
1,1,0,1,1,1.78,22.8
1,1,0,1,1,0.65,33.0
1,0,0,1,1,2.81,31.6
1,1,0,1,1,0.07,51.9
1,0,0,1,1,0.27,29.1
1,0,0,1,1,0.59,31.2
1,0,0,1,1,0.63,32.7
1,0,0,1,1,0.69,56.3
1,0,0,1,1,1.36,32.5
0,0,1,1,1,11.29,43.9
0,0,1,1,1,0.15,37.8
0,0,1,1,1,1.07,27.1
0,0,1,1,1,1.80,40.9
0,0,1,1,1,3.01,48.7
0,1,1,1,1,1.30,54.0
0,1,1,1,1,1.97,38.2
0,0,1,1,1,3.93,42.7
1,1,1,1,1,0.46,40.5
1,0,1,1,1,0.34,50.6
1,0,0,1,1,4.46,46.9
0,1,1,1,1,4.94,41.7
0,0,1,1,1,2.62,42.9
0,0,0,1,1,3.41,39.4
0,0,0,1,1,4.00,51.2
0,0,1,1,1,1.82,35.0
0,0,1,1,1,4.21,40.4
0,1,1,1,1,0.36,34.6
0,0,1,1,1,1.60,23.9
0,1,1,1,1,0.94,24.1
0,1,1,1,1,0.55,41.5
0,1,1,1,1,3.83,33.4
0,0,1,1,1,1.65,35.9
0,1,1,1,1,2.12,36.4
0,1,1,1,1,1.74,20.2
0,1,1,1,1,0.15,41.5
0,0,1,1,1,1.09,54.1
0,0,1,1,1,1.26,23.4
0,1,1,1,1,0.97,31.8
0,0,1,1,1,0.25,20.4
0,0,1,1,1,3.50,39.6
0,0,1,1,1,1.59,31.9
0,0,1,1,1,1.60,37.6
0,1,1,1,1,0.40,28.6
0,1,1,1,1,0.80,28.6
0,0,1,1,1,1.01,53.4
0,1,1,1,1,4.41,38.4
0,0,1,1,1,4.42,37.2
0,0,1,1,1,2.57,23.4
0,1,1,1,1,0.32,25.7
0,0,1,1,1,3.58,37.7
0,0,1,1,1,3.39,61.6
0,0,1,1,1,0.95,37.3
0,1,1,1,1,3.68,29.0
1,0,1,1,1,0.34,37.1
1,1,1,1,1,0.17,52.3
1,1,1,1,1,0.17,36.0
1,0,1,1,1,0.25,52.1
1,0,1,1,1,1.86,23.0
1,1,1,1,1,0.19,53.6
1,1,1,1,1,0.46,37.8
1,0,1,1,1,0.40,32.0
1,0,1,1,1,0.36,51.7
0,0,0,1,1,3.85,31.7
0,1,0,1,1,2.41,30.2
0,0,0,1,1,1.76,39.8
0,1,0,1,1,3.81,36.7
0,0,0,1,1,1.05,40.5
0,0,0,1,1,1.34,36.3
0,1,0,1,1,1.42,55.4
0,0,0,1,1,0.48,24.1
0,1,0,1,1,1.60,22.3
0,0,0,1,1,1.34,59.5
0,0,0,1,1,1.09,30.9
0,0,0,1,1,3.01,42.3
0,1,0,1,1,3.08,55.4
1,0,0,1,1,0.46,33.5
1,1,0,1,1,0.42,38.5
1,1,0,1,1,1.24,40.9
1,0,0,1,1,0.05,35.4
1,1,0,1,1,0.40,22.6
1,0,0,1,1,0.36,47.3
1,0,0,1,1,0.42,27.9
0,0,1,0,1,8.90,43.9
0,1,1,0,1,6.49,77.4
0,0,1,0,1,0.97,71.1
0,1,1,0,1,0.42,21.5
0,1,1,0,1,4.16,42.6
0,1,1,0,1,2.16,27.1
0,1,1,0,1,7.89,49.2
0,0,1,0,1,3.98,43.2
0,0,1,0,1,0.01,31.2
0,1,1,0,1,4.79,39.3
0,0,1,0,1,0.48,33.5
0,0,1,0,1,2.12,28.4
0,0,1,0,1,3.47,50.0
0,1,1,0,1,0.44,22.6
0,0,1,0,1,9.41,56.2
0,0,1,0,1,1.51,26.5
0,0,1,0,1,1.78,58.5
0,0,1,0,1,2.26,26.0
0,0,1,0,1,2.70,68.8
0,0,1,0,1,1.24,31.7
0,0,1,0,1,0.27,31.3
0,0,1,0,1,24.43,52.0
0,0,1,0,1,3.89,50.5
0,0,1,0,1,0.11,32.0
0,0,1,0,1,0.27,22.9
0,1,1,0,1,1.32,56.5
0,0,1,0,1,0.30,49.8
0,0,1,0,1,0.74,48.7
0,0,1,0,1,-0.01,29.6
0,1,1,0,1,1.53,33.1
0,0,1,0,1,5.17,59.5
0,0,1,0,1,4.74,40.4
0,0,1,0,1,3.49,35.6
0,0,1,0,1,0.05,54.1
0,1,1,0,1,3.12,68.2
0,0,1,0,1,0.48,28.4
0,0,1,0,1,0.61,21.8
0,0,1,0,1,5.00,71.6
0,0,1,0,1,0.17,50.0
0,0,1,0,1,4.25,32.5
0,0,1,0,1,9.10,45.7
0,0,1,0,1,0.30,30.3
0,0,1,0,1,0.32,46.2
0,1,1,0,1,1.93,37.2
0,1,1,0,1,5.31,41.3
0,1,1,0,1,1.30,52.3
0,1,1,0,1,0.25,24.4
0,0,1,0,1,1.63,49.6
0,0,1,0,1,1.01,30.9
0,0,1,0,1,2.62,47.0
0,0,1,0,1,1.89,47.1
0,0,1,0,1,2.28,43.8
0,0,1,0,1,0.44,22.6
0,0,1,0,1,6.51,42.2
0,0,1,0,1,1.78,41.4
0,0,1,0,1,0.09,38.8
0,1,1,0,1,0.13,53.2
0,0,1,0,1,1.87,54.5
0,0,1,0,1,3.37,53.7
0,1,1,0,1,2.91,55.2
0,1,1,0,1,0.71,44.5
0,1,1,0,1,1.68,58.1
0,0,1,0,1,1.36,30.9
0,1,1,0,1,0.36,27.4
0,0,1,0,1,1.15,33.4
0,1,1,0,1,4.59,65.0
0,0,1,0,1,0.05,30.5
0,1,1,0,1,1.82,51.8
0,0,1,0,1,0.07,39.0
0,1,1,0,1,10.63,56.6
0,0,1,0,1,1.65,30.0
0,1,1,0,1,1.65,30.5
0,0,1,0,1,0.30,36.2
0,0,1,0,1,2.20,38.3
0,0,1,0,1,1.49,47.4
0,0,1,0,1,0.17,32.2
0,0,1,0,1,0.92,46.8
0,1,1,0,1,0.21,52.7
0,1,1,0,1,6.78,53.5
0,1,1,0,1,0.07,41.8
0,0,1,0,1,0.48,58.4
0,0,1,0,1,14.10,41.6
0,0,1,0,1,1.17,28.6
0,0,1,0,1,2.85,54.0
0,0,1,0,1,4.48,52.7
0,1,1,0,1,0.95,37.1
0,1,1,0,1,0.53,38.4
0,1,1,0,1,2.30,36.9
0,1,1,0,1,0.92,27.0
0,1,1,0,1,1.28,39.6
0,1,1,0,1,1.43,36.8
0,0,1,0,1,3.41,48.5
0,0,1,0,1,0.59,49.5
0,1,1,0,1,1.42,42.2
0,1,1,0,1,12.20,36.3
0,0,1,0,1,4.48,58.0
0,0,1,0,1,3.10,40.2
0,1,1,0,1,10.08,59.6
0,1,1,0,1,1.66,57.7
0,0,1,0,1,11.84,46.6
0,0,1,0,1,0.15,32.8
0,0,1,0,1,0.44,21.8
0,0,1,0,1,1.38,29.7
0,0,1,0,1,0.57,63.5
0,1,1,0,1,2.91,49.5
0,0,1,0,1,0.09,31.5
0,0,1,0,1,0.28,39.5
0,0,1,0,1,1.30,50.8
0,0,1,0,1,0.48,34.6
0,0,1,0,1,1.26,51.0
0,0,1,0,1,2.41,29.1
0,0,1,0,1,4.10,58.3
0,0,1,0,1,0.99,46.2
0,0,1,0,1,1.15,34.0
0,1,1,0,1,1.07,49.3
0,1,1,0,1,0.74,55.5
0,0,1,0,1,2.83,29.7
0,1,1,0,1,1.01,29.8
0,0,1,0,1,0.07,22.9
0,0,1,0,1,0.94,28.2
0,1,1,0,1,0.07,38.8
0,1,1,0,1,1.59,40.0
0,0,1,0,1,0.80,43.2
0,0,1,0,1,1.47,24.9
0,0,1,0,1,1.20,40.2
0,0,1,0,1,1.42,29.8
0,0,1,0,1,2.43,26.5
0,0,1,0,1,7.55,43.0
0,1,1,0,1,3.94,42.2
0,1,1,0,1,3.65,56.6
0,0,1,0,1,1.15,35.4
0,1,1,0,1,0.92,49.4
0,1,1,0,1,0.07,40.5
0,0,1,0,1,0.95,52.6
0,1,1,0,1,0.28,39.8
0,0,1,0,1,1.30,50.6
0,0,1,0,1,1.60,26.0
0,0,1,0,1,1.60,50.2
0,0,1,0,1,2.57,54.4
0,1,1,0,1,8.99,47.9
0,1,1,0,1,1.17,38.8
0,0,1,0,1,4.02,43.7
0,0,1,0,1,0.17,54.9
0,1,1,0,1,5.27,54.3
0,0,1,0,1,1.78,58.0
0,0,1,0,1,0.95,30.4
0,1,1,0,1,1.20,34.1
0,0,1,0,1,24.31,49.9
0,1,1,0,1,1.20,38.3
0,0,1,0,1,3.35,67.8
0,0,1,0,1,2.28,29.3
0,0,1,0,1,0.34,52.7
0,1,1,0,1,3.93,34.2
0,0,1,0,1,0.97,27.5
0,1,1,0,1,0.80,24.2
0,1,1,0,1,2.03,62.4
0,0,1,0,1,0.17,52.2
0,0,1,0,1,1.38,30.3
0,0,1,0,1,0.28,28.2
0,1,1,0,1,10.90,43.5
0,0,1,0,1,1.49,49.5
0,0,1,0,1,0.09,22.7
0,1,1,0,1,4.54,39.8
0,0,1,0,1,1.22,33.8
0,1,1,0,1,0.32,38.2
0,1,1,0,1,8.81,55.6
0,0,1,0,1,1.51,23.8
0,0,1,0,1,-0.91,57.3
0,0,1,0,1,5.84,37.4
0,0,1,0,1,1.26,44.5
0,0,1,0,1,1.20,58.0
0,0,1,0,1,1.43,29.8
0,0,1,0,1,0.38,37.2
0,0,1,0,1,1.78,55.6
0,1,1,0,1,0.38,68.5
0,1,1,0,1,0.30,42.9
0,0,1,0,1,3.87,35.4
0,1,1,0,1,1.53,42.4
0,1,1,0,1,0.49,46.8
0,1,1,0,1,0.46,26.0
0,0,1,0,1,2.41,41.7
0,0,1,0,1,1.74,50.8
0,0,1,0,1,2.22,47.8
0,1,1,0,1,1.19,34.6
0,1,1,0,1,2.68,34.7
0,1,1,0,1,0.07,55.8
0,1,1,0,1,0.55,54.4
0,0,1,0,1,1.80,24.9
0,1,1,0,1,2.60,36.5
0,1,1,0,1,0.49,46.4
0,1,1,0,1,1.42,62.2
0,0,1,0,1,1.40,47.9
0,0,1,0,1,0.44,63.6
0,0,1,0,1,0.30,24.9
0,1,1,0,1,0.82,38.6
0,1,1,0,1,0.15,48.4
0,0,1,0,1,0.05,26.4
0,0,1,0,1,0.30,47.9
0,1,1,0,1,1.66,37.4
0,0,1,0,1,1.78,38.7
0,0,1,0,1,4.56,57.5
0,0,1,0,1,0.21,31.9
0,1,1,0,1,3.96,54.1
0,0,1,0,1,0.53,25.7
0,0,1,0,1,1.51,52.4
0,0,1,0,1,2.68,38.7
0,0,1,0,1,3.04,40.3
0,0,1,0,1,1.05,53.6
0,1,1,0,1,1.63,50.7
0,0,1,0,1,1.13,24.2
0,1,1,0,1,0.30,43.3
0,1,1,0,1,1.51,24.7
0,0,1,0,1,0.97,55.7
0,0,1,0,1,0.27,40.2
0,0,1,0,1,1.28,30.0
0,1,1,0,1,1.51,45.5
0,0,1,0,1,2.93,39.3
0,1,1,0,1,4.64,40.9
0,0,1,0,1,8.75,42.2
0,1,1,0,1,0.46,36.2
0,0,1,0,1,1.59,44.5
0,1,1,0,1,1.99,54.1
0,1,1,0,1,0.69,61.4
0,1,1,0,1,1.72,29.6
0,1,1,0,1,0.13,25.8
0,0,1,0,1,1.86,47.9
0,1,1,0,1,7.43,48.4
0,1,1,0,1,1.24,52.2
0,1,1,0,1,1.09,50.8
0,0,1,0,1,3.96,42.1
0,0,1,0,1,0.86,54.8
0,1,1,0,1,2.89,38.1
0,0,1,0,1,0.46,49.7
0,0,1,0,1,3.04,41.0
0,1,1,0,1,0.88,37.7
0,1,1,0,1,0.48,53.7
0,1,1,0,1,0.04,46.1
0,1,1,0,1,0.27,45.7
0,0,1,0,1,2.18,57.5
0,1,1,0,1,1.86,52.5
0,0,1,0,1,3.41,45.2
0,0,1,0,1,0.38,23.9
0,0,1,0,1,1.47,48.6
0,0,1,0,1,0.44,22.9
0,1,1,0,1,5.04,48.5
0,1,1,0,1,0.25,57.4
0,0,1,0,1,0.15,36.7
0,1,1,0,1,1.57,38.5
0,0,1,0,1,1.99,41.7
0,0,1,0,1,4.04,34.3
0,1,1,0,1,0.07,25.0
0,0,1,0,1,2.05,49.2
0,0,1,0,1,0.21,40.4
0,0,1,0,1,1.34,52.0
0,0,1,0,1,2.11,35.2
0,1,1,0,1,0.55,22.4
0,0,1,0,1,1.19,41.7
0,1,1,0,1,1.36,51.1
0,0,1,0,1,1.43,42.9
0,0,1,0,1,1.34,37.7
0,1,1,0,1,8.24,52.1
0,0,1,0,1,0.80,44.8
0,0,1,0,1,0.32,50.9
0,1,1,0,1,0.27,46.7
0,1,1,0,1,1.76,32.7
0,0,1,0,1,15.02,54.9
0,1,1,0,1,0.92,62.4
0,1,1,0,1,0.40,46.8
0,0,1,0,1,0.36,32.0
0,1,1,0,1,1.78,59.3
0,1,1,0,1,0.88,48.2
0,0,1,0,1,7.82,46.4
0,0,1,0,1,0.21,58.6
0,1,1,0,1,2.95,51.1
0,1,1,0,1,1.68,25.3
0,0,1,0,1,0.17,23.7
0,0,1,0,1,0.04,33.7
0,0,1,0,1,0.99,31.8
0,0,1,0,1,1.82,42.6
0,0,1,0,1,0.13,46.6
0,0,1,0,1,1.05,37.9
0,0,1,0,1,3.26,41.4
0,0,1,0,1,0.28,44.2
0,0,1,0,1,1.28,22.4
0,0,1,0,1,1.30,28.5
0,1,1,0,1,3.98,51.9
0,0,1,0,1,5.06,41.6
0,1,1,0,1,1.38,53.8
0,0,1,0,1,1.43,46.0
0,0,1,0,1,0.78,45.4
0,1,1,0,1,3.16,53.8
0,0,1,0,1,0.32,43.9
0,0,1,0,1,1.03,39.3
0,1,1,0,1,1.32,20.6
0,1,1,0,1,1.13,59.0
0,1,1,0,1,0.13,50.4
0,0,1,0,1,3.96,58.9
0,1,1,0,1,1.38,36.6
0,1,1,0,1,0.40,47.6
0,0,1,0,1,1.17,49.6
0,0,1,0,1,1.13,45.8
0,0,1,0,1,1.03,45.0
0,1,1,0,1,0.17,47.1
0,0,1,0,1,1.86,51.4
0,1,1,0,1,0.63,24.6
0,1,1,0,1,0.49,34.4
0,1,1,0,1,1.59,26.9
0,1,1,0,1,0.25,48.1
0,0,1,0,1,1.49,23.9
0,0,1,0,1,1.13,37.9
0,1,1,0,1,1.86,28.9
0,0,1,0,1,0.74,37.3
0,0,1,0,1,0.36,31.9
0,0,1,0,1,1.49,32.3
0,0,1,0,1,14.05,52.0
0,1,1,0,1,4.12,61.3
0,0,1,0,1,5.25,39.3
0,0,1,0,1,3.49,54.9
0,0,1,0,1,1.09,29.2
0,1,1,0,1,2.87,36.6
0,1,1,0,1,0.99,32.8
0,0,1,0,1,8.58,62.8
0,0,1,0,1,3.39,36.2
0,1,1,0,1,0.15,55.5
0,0,1,0,1,0.44,41.1
0,0,1,0,1,1.78,59.6
0,1,1,0,1,1.07,30.4
0,0,1,0,1,1.42,30.7
0,0,1,0,1,1.87,56.7
0,0,1,0,1,3.84,59.9
0,1,1,0,1,1.80,22.6
0,0,1,0,1,2.20,39.8
0,1,1,0,1,0.63,23.1
0,0,1,0,1,1.86,62.6
0,1,1,0,1,1.07,34.5
0,0,1,0,1,20.63,47.4
0,0,1,0,1,1.82,49.1
0,0,1,0,1,0.38,27.7
0,0,1,0,1,0.67,35.6
0,0,1,0,1,3.03,61.6
0,0,1,0,1,1.17,46.1
0,0,1,0,1,1.78,59.4
0,0,1,0,1,2.45,54.3
0,0,1,0,1,1.30,42.9
0,1,1,0,1,0.30,28.4
0,0,1,0,1,1.76,49.9
0,1,1,0,1,1.07,31.6
0,0,1,0,1,6.03,54.8
0,0,1,0,1,0.28,56.9
0,0,1,0,1,3.66,55.3
0,0,1,0,1,4.85,31.5
0,0,1,0,1,0.15,43.9
0,1,1,0,1,2.91,30.6
0,0,1,0,1,8.49,64.9
0,0,1,0,1,4.25,39.3
0,0,1,0,1,3.64,28.1
0,0,1,0,1,6.32,55.4
0,0,1,0,1,1.83,39.8
0,0,1,0,1,5.59,29.8
0,0,1,0,1,5.77,32.9
0,0,1,0,1,5.15,41.1
0,0,1,0,1,1.45,49.6
0,0,1,0,1,4.58,55.8
0,0,1,0,1,1.83,34.0
0,0,1,0,1,2.80,51.5
0,0,1,0,1,1.59,31.9
0,0,1,0,1,1.20,49.5
0,0,1,0,1,2.22,30.4
0,0,1,0,1,0.80,38.9
0,0,1,0,1,0.95,36.4
0,0,1,0,1,0.61,32.5
0,0,1,0,1,0.74,38.8
0,0,1,0,1,0.69,24.5
0,0,1,0,1,6.67,53.1
0,0,1,0,1,4.08,34.0
0,0,1,0,1,1.68,52.5
0,0,1,0,1,2.39,54.9
0,0,1,0,1,1.34,53.4
0,1,1,0,1,2.14,48.4
0,1,1,0,1,2.58,59.1
0,0,1,0,1,2.55,41.5
0,0,1,0,1,3.77,53.2
0,0,1,0,1,0.28,50.8
0,1,1,0,1,2.39,36.4
0,1,1,0,1,0.13,21.5
0,1,1,0,1,0.97,30.8
0,1,1,0,1,2.22,35.2
0,0,1,0,1,5.17,33.2
0,0,1,0,1,3.30,61.5
0,0,1,0,1,0.38,40.5
0,0,1,0,1,3.85,33.3
0,1,1,0,1,1.07,31.0
0,0,1,0,1,1.32,57.7
0,0,1,0,1,1.24,30.2
1,1,1,0,1,0.57,60.1
1,1,1,0,1,0.36,32.3
1,1,1,0,1,0.55,27.6
1,1,1,0,1,0.34,21.8
1,0,1,0,1,0.44,20.0
1,0,1,0,1,0.42,48.8
1,1,1,0,1,0.15,26.5
1,1,1,0,1,1.80,30.1
1,1,1,0,1,0.19,43.7
1,1,1,0,1,1.76,24.5
1,0,1,0,1,1.05,28.9
1,0,1,0,1,0.36,46.2
1,0,1,0,1,2.28,49.0
1,0,1,0,1,3.73,39.3
1,0,1,0,1,2.16,32.7
1,0,1,0,1,1.57,34.7
1,1,1,0,1,2.11,59.4
1,0,1,0,1,0.30,32.7
1,0,1,0,1,0.84,27.1
1,0,1,0,1,0.05,44.3
1,0,1,0,1,1.01,51.3
1,0,1,0,1,0.44,37.8
1,0,1,0,1,0.19,61.2
1,0,1,0,1,1.13,57.1
1,0,1,0,1,1.05,25.6
1,0,1,0,1,1.15,61.0
1,0,1,0,1,0.38,33.1
1,0,1,0,1,3.06,24.0
1,0,1,0,1,1.01,24.7
1,0,1,0,1,0.95,53.6
1,0,1,0,1,0.44,29.1
1,0,1,0,1,2.16,42.1
1,0,1,0,1,1.34,61.0
1,1,1,0,1,0.25,48.5
1,0,1,0,1,0.09,38.6
1,0,1,0,1,0.07,57.8
1,1,1,0,1,0.15,32.6
1,1,1,0,1,8.26,35.0
1,0,1,0,1,0.17,51.1
1,0,1,0,1,0.67,44.0
1,0,1,0,1,1.20,49.3
1,0,1,0,1,0.44,24.4
1,0,1,0,1,2.21,46.2
1,1,1,0,1,0.48,27.4
1,0,1,0,1,2.95,60.7
1,1,1,0,1,0.32,33.1
1,0,1,0,1,0.92,50.8
1,1,1,0,1,0.30,33.1
1,1,1,0,1,0.38,45.9
1,1,1,0,1,0.28,45.8
1,0,1,0,1,3.49,46.8
1,1,1,0,1,0.40,34.1
1,0,1,0,1,0.04,27.7
1,1,1,0,1,2.24,26.3
1,0,1,0,1,0.27,42.3
1,1,1,0,1,2.81,28.0
1,0,1,0,1,1.07,49.5
1,0,1,0,1,0.05,24.1
1,0,1,0,1,0.17,55.2
1,0,1,0,1,3.41,52.0
1,1,1,0,1,0.25,64.0
1,0,1,0,1,4.41,62.0
1,0,1,0,1,1.49,22.7
1,1,1,0,1,0.34,46.7
1,0,1,0,1,0.27,53.4
1,1,1,0,1,1.70,45.1
1,0,1,0,1,0.30,48.7
1,0,1,0,1,1.24,49.3
1,0,1,0,1,1.45,45.3
1,0,1,0,1,1.65,46.2
1,0,1,0,1,0.05,41.3
1,1,1,0,1,1.24,35.0
1,1,1,0,1,-0.01,72.2
1,0,1,0,1,5.19,51.5
1,1,1,0,1,0.36,33.6
1,0,1,0,1,1.09,64.1
1,0,1,0,1,0.92,55.2
1,0,1,0,1,0.28,46.1
1,0,1,0,1,0.17,51.3
1,0,1,0,1,1.17,57.5
1,1,1,0,1,1.34,31.8
1,0,1,0,1,0.25,37.7
1,0,1,0,1,1.34,52.3
1,0,1,0,1,0.28,36.5
1,0,1,0,1,1.07,54.0
1,0,1,0,1,0.69,57.3
1,0,1,0,1,7.97,41.6
1,0,1,0,1,0.34,38.5
1,0,1,0,1,0.05,21.8
1,0,1,0,1,0.34,49.2
1,1,1,0,1,0.49,35.7
1,0,1,0,1,0.46,39.3
1,1,1,0,1,1.05,36.7
1,1,1,0,1,1.57,41.7
1,1,1,0,1,0.27,22.4
1,0,1,0,1,1.86,42.9
1,1,1,0,1,1.20,49.5
1,0,1,0,1,0.13,67.0
1,0,1,0,1,0.05,48.5
1,0,1,0,1,3.37,53.4
1,1,1,0,1,0.04,44.0
1,0,1,0,1,1.34,47.1
1,0,1,0,1,1.13,53.7
1,0,1,0,1,1.20,74.9
1,0,1,0,1,0.04,46.2
1,0,1,0,1,1.87,45.4
1,0,1,0,1,0.57,58.7
1,0,1,0,1,0.32,35.5
1,0,1,0,1,0.17,26.4
1,1,1,0,1,0.71,26.9
1,1,1,0,1,3.24,58.5
1,0,1,0,1,1.57,27.5
1,0,1,0,1,2.43,59.4
1,1,1,0,1,0.46,36.1
1,0,1,0,1,1.70,61.8
1,1,1,0,1,0.61,43.7
1,0,1,0,1,1.13,46.2
1,0,1,0,1,0.07,53.8
1,0,1,0,1,0.28,31.3
1,1,1,0,1,3.66,42.9
1,1,1,0,1,1.47,29.3
1,0,1,0,1,0.25,42.2
1,0,1,0,1,0.76,29.0
1,0,1,0,1,15.75,68.0
1,0,1,0,1,0.55,41.4
1,0,1,0,1,1.19,40.7
1,0,1,0,1,1.15,33.5
1,0,1,0,1,0.32,51.0
1,0,1,0,1,3.12,58.6
1,0,1,0,1,1.15,65.7
1,0,1,0,1,0.67,46.5
1,0,1,0,1,4.59,64.8
1,0,1,0,1,1.38,47.9
1,0,1,0,1,1.17,47.2
1,0,1,0,1,1.95,51.3
1,1,1,0,1,0.18,34.3
1,1,1,0,1,1.30,27.7
1,0,1,0,1,0.05,32.7
1,0,1,0,1,2.87,47.7
1,0,1,0,1,6.97,40.2
1,0,1,0,1,1.28,52.7
1,0,1,0,1,1.51,44.1
1,0,1,0,1,2.55,64.3
1,0,1,0,1,1.19,53.1
1,0,1,0,1,0.94,58.8
1,0,1,0,1,0.99,52.7
1,0,1,0,1,0.78,34.9
1,0,1,0,1,2.20,33.1
1,0,1,0,1,2.20,31.9
1,0,1,0,1,-0.01,49.5
1,0,1,0,1,3.81,64.9
0,0,0,0,1,3.87,45.4
0,1,0,0,1,0.49,31.2
0,1,0,0,1,0.94,46.6
0,0,0,0,1,1.76,20.8
0,1,0,0,1,2.14,39.7
0,0,0,0,1,0.63,26.5
0,1,0,0,1,0.55,21.8
0,0,0,0,1,0.07,20.6
0,0,0,0,1,3.10,28.8
0,0,0,0,1,1.76,26.1
0,1,0,0,1,2.92,25.1
0,1,0,0,1,1.01,32.5
0,0,0,0,1,0.25,30.2
0,1,0,0,1,10.50,66.0
0,0,0,0,1,1.99,28.7
0,1,0,0,1,17.13,61.6
0,0,0,0,1,0.30,50.6
0,0,0,0,1,2.41,42.4
0,0,0,0,1,0.65,22.2
0,1,0,0,1,0.48,24.6
0,0,0,0,1,1.20,31.8
0,0,0,0,1,0.55,23.7
0,0,0,0,1,0.67,43.7
0,0,0,0,1,1.60,35.3
0,1,0,0,1,2.74,38.7
0,0,0,0,1,15.17,48.0
0,0,0,0,1,11.25,42.3
0,0,0,0,1,0.86,68.6
0,0,0,0,1,2.47,28.6
0,0,0,0,1,2.05,44.8
0,0,0,0,1,0.65,38.2
0,1,0,0,1,1.13,47.2
0,0,0,0,1,4.37,58.0
0,0,0,0,1,0.04,47.1
0,1,0,0,1,1.84,24.8
0,0,0,0,1,2.91,37.1
0,0,0,0,1,3.16,48.6
0,0,0,0,1,2.47,38.6
0,1,0,0,1,0.42,56.3
0,0,0,0,1,0.44,43.1
0,1,0,0,1,1.36,35.7
0,0,0,0,1,1.36,37.3
0,1,0,0,1,1.13,45.9
0,0,0,0,1,1.19,29.7
0,0,0,0,1,1.72,52.4
0,1,0,0,1,2.54,25.1
0,0,0,0,1,3.31,27.1
0,0,0,0,1,0.61,35.7
0,1,0,0,1,1.20,45.4
0,1,0,0,1,1.19,28.7
0,1,0,0,1,1.13,42.6
0,0,0,0,1,1.82,55.5
0,0,0,0,1,1.82,33.1
0,0,0,0,1,1.11,47.0
0,0,0,0,1,2.37,27.1
0,1,0,0,1,0.55,32.7
0,1,0,0,1,7.57,52.6
0,1,0,0,1,1.36,32.8
0,1,0,0,1,0.78,46.6
0,0,0,0,1,0.74,25.0
0,0,0,0,1,3.60,52.4
0,0,0,0,1,1.01,39.4
0,0,0,0,1,2.87,46.1
0,1,0,0,1,1.09,31.7
0,1,0,0,1,1.87,52.6
0,0,0,0,1,2.22,38.2
0,0,0,0,1,5.61,43.8
0,0,0,0,1,0.73,29.6
0,0,0,0,1,0.95,43.9
0,0,0,0,1,1.11,49.6
0,1,0,0,1,0.63,63.0
0,0,0,0,1,1.34,37.0
0,1,0,0,1,0.42,37.3
0,0,0,0,1,3.56,48.6
0,0,0,0,1,0.21,52.3
0,0,0,0,1,0.32,27.3
0,0,0,0,1,0.99,40.6
0,0,0,0,1,1.17,46.5
0,0,0,0,1,1.45,36.7
0,1,0,0,1,2.33,32.6
0,0,0,0,1,1.82,54.6
0,1,0,0,1,0.30,54.6
0,0,0,0,1,1.15,37.0
0,1,0,0,1,1.80,26.5
0,0,0,0,1,2.28,57.0
0,1,0,0,1,1.26,49.3
0,1,0,0,1,4.12,62.5
0,1,0,0,1,0.76,40.2
0,0,0,0,1,1.05,29.4
0,0,0,0,1,7.55,39.4
0,1,0,0,1,7.55,38.8
0,0,0,0,1,0.42,45.1
0,0,0,0,1,0.74,58.4
0,0,0,0,1,3.27,43.5
0,0,0,0,1,1.65,45.8
0,0,0,0,1,2.22,37.2
0,1,0,0,1,0.49,31.2
0,1,0,0,1,1.74,33.1
0,0,0,0,1,1.72,27.5
0,0,0,0,1,2.45,31.7
0,1,0,0,1,0.17,62.7
0,0,0,0,1,0.28,52.7
0,0,0,0,1,1.28,29.6
0,1,0,0,1,0.44,26.5
0,0,0,0,1,1.26,36.6
0,0,0,0,1,19.55,53.2
0,1,0,0,1,1.26,38.8
0,1,0,0,1,0.34,52.8
0,0,0,0,1,1.15,26.9
0,0,0,0,1,1.63,42.5
0,0,0,0,1,1.32,29.6
0,0,0,0,1,1.47,46.3
0,0,0,0,1,1.55,54.1
0,0,0,0,1,2.41,38.3
0,0,0,0,1,1.57,40.2
0,0,0,0,1,0.25,49.1
0,0,0,0,1,3.41,48.1
0,0,0,0,1,1.57,40.0
0,0,0,0,1,6.78,33.1
0,1,0,0,1,2.81,57.9
0,1,0,0,1,0.74,62.4
0,1,0,0,1,2.14,47.1
0,0,0,0,1,0.36,23.8
0,1,0,0,1,0.44,43.5
0,0,0,0,1,4.59,59.9
0,0,0,0,1,0.38,39.2
0,0,0,0,1,1.51,38.2
0,0,0,0,1,1.70,48.2
0,1,0,0,1,1.03,52.3
0,1,0,0,1,3.98,39.6
0,0,0,0,1,2.16,49.5
0,1,0,0,1,1.17,30.8
0,1,0,0,1,1.36,46.7
0,1,0,0,1,1.49,38.2
0,0,0,0,1,1.24,37.3
0,0,0,0,1,0.13,37.1
0,1,0,0,1,0.25,50.7
0,0,0,0,1,-0.01,28.2
0,0,0,0,1,0.90,26.9
0,1,0,0,1,0.07,27.8
0,0,0,0,1,0.63,55.3
0,0,0,0,1,1.36,45.8
0,1,0,0,1,1.89,40.6
0,1,0,0,1,0.99,53.1
0,1,0,0,1,0.97,35.3
0,0,0,0,1,0.17,27.7
0,0,0,0,1,0.63,43.9
0,0,0,0,1,0.27,35.3
0,0,0,0,1,1.53,48.7
0,1,0,0,1,1.86,52.3
0,0,0,0,1,2.57,45.0
0,0,0,0,1,2.33,46.6
0,0,0,0,1,1.51,53.4
0,0,0,0,1,-0.01,38.5
0,1,0,0,1,1.57,39.0
0,0,0,0,1,1.30,25.5
0,1,0,0,1,0.30,48.3
0,0,0,0,1,2.76,34.3
0,0,0,0,1,1.70,30.9
0,1,0,0,1,2.39,63.0
0,1,0,0,1,1.20,43.1
0,1,0,0,1,2.99,64.0
0,1,0,0,1,1.36,36.1
0,1,0,0,1,0.15,58.5
0,0,0,0,1,0.21,44.8
0,1,0,0,1,0.21,46.9
0,1,0,0,1,1.28,31.4
0,0,0,0,1,2.99,30.9
0,0,0,0,1,0.27,53.5
0,1,0,0,1,0.28,42.4
0,1,0,0,1,0.44,63.1
0,0,0,0,1,0.07,32.2
0,1,0,0,1,0.04,45.3
0,1,0,0,1,0.07,52.7
0,0,0,0,1,2.32,34.5
0,0,0,0,1,0.53,26.6
0,0,0,0,1,0.69,43.4
0,1,0,0,1,1.38,30.0
0,0,0,0,1,0.49,42.1
0,0,0,0,1,0.78,21.5
0,0,0,0,1,1.36,29.5
0,0,0,0,1,1.51,49.0
0,1,0,0,1,1.51,55.2
0,0,0,0,1,1.24,30.1
0,0,0,0,1,0.92,53.8
0,1,0,0,1,0.49,46.2
0,1,0,0,1,1.60,48.2
0,1,0,0,1,1.72,55.9
0,0,0,0,1,1.26,52.9
0,0,0,0,1,6.65,39.3
0,1,0,0,1,2.60,72.1
0,0,0,0,1,1.63,62.3
0,0,0,0,1,1.78,37.8
0,0,0,0,1,2.55,54.7
0,1,0,0,1,1.66,29.9
0,0,0,0,1,2.24,27.8
0,0,0,0,1,0.97,38.0
0,0,0,0,1,0.67,45.1
0,0,0,0,1,1.09,47.1
0,1,0,0,1,1.03,42.2
0,0,0,0,1,0.42,34.2
0,0,0,0,1,0.11,23.3
0,0,0,0,1,3.60,38.5
0,0,0,0,1,1.84,39.9
0,0,0,0,1,9.98,49.4
0,0,0,0,1,2.18,41.0
0,1,0,0,1,0.30,33.1
0,0,0,0,1,0.32,42.0
0,1,0,0,1,4.23,49.2
0,0,0,0,1,1.03,42.2
0,0,0,0,1,0.09,22.9
0,1,0,0,1,12.33,51.3
0,0,0,0,1,1.28,27.8
0,1,0,0,1,0.74,47.1
0,0,0,0,1,2.04,42.2
0,0,0,0,1,24.20,57.8
0,1,0,0,1,0.05,41.9
0,1,0,0,1,0.86,37.1
0,0,0,0,1,1.55,46.3
0,0,0,0,1,0.78,37.3
0,0,0,0,1,1.07,28.9
0,0,0,0,1,1.59,55.8
0,0,0,0,1,0.28,24.0
0,0,0,0,1,1.60,39.2
0,0,0,0,1,1.38,35.4
0,0,0,0,1,1.13,37.7
0,0,0,0,1,2.85,34.7
0,0,0,0,1,1.40,45.1
0,0,0,0,1,0.07,23.6
0,0,0,0,1,0.95,33.6
0,0,0,0,1,0.53,30.1
0,1,0,0,1,6.59,53.4
0,1,0,0,1,0.04,38.7
0,1,0,0,1,2.32,40.2
0,0,0,0,1,0.32,46.1
0,1,0,0,1,0.76,56.2
0,0,0,0,1,1.38,29.7
0,1,0,0,1,1.82,45.1
0,1,0,0,1,2.90,37.9
0,0,0,0,1,1.34,46.7
0,0,0,0,1,4.69,47.1
0,0,0,0,1,0.53,23.3
0,0,0,0,1,0.74,37.5
0,1,0,0,1,0.44,26.7
0,1,0,0,1,0.17,51.1
0,1,0,0,1,1.89,35.5
0,1,0,0,1,1.42,50.8
0,0,0,0,1,1.20,49.1
0,0,0,0,1,1.42,39.3
0,0,0,0,1,1.97,27.2
0,0,0,0,1,4.59,42.6
0,1,0,0,1,1.87,27.7
0,0,0,0,1,2.25,38.5
0,1,0,0,1,1.01,56.5
0,0,0,0,1,3.04,50.0
0,0,0,0,1,1.47,46.0
0,0,0,0,1,0.30,33.7
0,0,0,0,1,0.11,24.6
0,0,0,0,1,3.39,32.7
0,0,0,0,1,1.36,28.7
0,0,0,0,1,1.36,33.1
0,0,0,0,1,1.74,41.0
0,1,0,0,1,0.40,43.3
0,0,0,0,1,4.59,62.4
0,0,0,0,1,1.66,28.7
0,0,0,0,1,0.63,26.9
0,1,0,0,1,0.71,42.3
0,0,0,0,1,4.51,33.7
0,0,0,0,1,1.66,35.7
0,0,0,0,1,0.21,34.4
0,1,0,0,1,1.20,21.3
0,1,0,0,1,0.21,45.1
0,0,0,0,1,0.05,35.6
0,0,0,0,1,1.09,38.8
0,0,0,0,1,1.89,48.4
0,1,0,0,1,0.21,58.6
0,1,0,0,1,1.84,63.4
0,0,0,0,1,2.16,47.4
0,0,0,0,1,1.51,43.2
0,0,0,0,1,2.16,46.5
0,0,0,0,1,2.91,31.9
0,1,0,0,1,0.21,32.9
0,1,0,0,1,0.34,31.1
0,0,0,0,1,0.13,47.9
0,1,0,0,1,2.39,44.3
0,0,0,0,1,3.68,31.9
0,0,0,0,1,0.92,38.7
0,1,0,0,1,0.92,38.3
0,1,0,0,1,12.45,63.2
0,1,0,0,1,1.60,57.9
0,1,0,0,1,1.42,40.3
0,0,0,0,1,0.15,23.8
0,1,0,0,1,1.17,26.4
0,0,0,0,1,0.30,35.8
0,0,0,0,1,1.05,57.7
0,0,0,0,1,0.71,34.0
0,0,0,0,1,1.01,54.8
0,1,0,0,1,1.99,46.1
0,0,0,0,1,0.21,32.3
0,1,0,0,1,4.50,57.0
0,1,0,0,1,0.04,66.2
0,0,0,0,1,1.03,52.6
0,0,0,0,1,1.60,38.3
0,1,0,0,1,0.30,27.0
0,0,0,0,1,1.40,47.1
0,0,0,0,1,5.15,53.1
0,0,0,0,1,2.24,54.4
0,0,0,0,1,6.46,42.1
0,0,0,0,1,1.24,46.9
0,0,0,0,1,1.59,19.9
0,0,0,0,1,4.00,31.4
0,0,0,0,1,2.24,47.1
0,0,0,0,1,1.86,53.1
0,0,0,0,1,0.21,44.5
0,0,0,0,1,4.00,63.0
0,0,0,0,1,2.28,64.2
0,0,0,0,1,0.27,23.5
0,0,0,0,1,0.74,29.0
0,0,0,0,1,1.55,35.5
0,0,0,0,1,3.11,40.7
0,0,0,0,1,0.97,50.2
0,0,0,0,1,1.74,33.4
0,1,0,0,1,1.47,35.1
0,0,0,0,1,1.24,41.3
0,0,0,0,1,0.11,27.6
0,0,0,0,1,-0.01,61.5
0,0,0,0,1,1.53,47.2
0,0,0,0,1,0.74,39.4
0,0,0,0,1,2.70,39.2
0,1,0,0,1,0.82,30.5
0,0,0,0,1,0.65,27.7
0,0,0,0,1,0.42,35.8
0,0,0,0,1,2.11,32.4
0,1,0,0,1,1.65,35.0
0,0,0,0,1,1.47,40.2
0,0,0,0,1,0.17,48.3
0,0,0,0,1,1.65,50.3
0,1,0,0,1,0.74,47.4
0,0,0,0,1,0.21,35.5
0,0,0,0,1,2.83,52.0
0,0,0,0,1,8.22,58.1
1,1,0,0,1,0.36,27.7
1,0,0,0,1,0.25,47.8
1,1,0,0,1,0.97,30.5
1,0,0,0,1,0.13,21.3
1,0,0,0,1,0.27,52.6
1,0,0,0,1,1.34,25.3
1,0,0,0,1,0.38,54.9
1,1,0,0,1,0.46,22.3
1,0,0,0,1,0.55,21.5
1,0,0,0,1,1.57,38.9
1,0,0,0,1,1.55,30.1
1,0,0,0,1,1.95,41.5
1,0,0,0,1,2.41,37.7
1,0,0,0,1,3.75,39.3
1,0,0,0,1,0.94,26.5
1,0,0,0,1,2.03,46.3
1,0,0,0,1,2.22,38.6
1,0,0,0,1,0.44,25.3
1,0,0,0,1,1.74,36.5
1,0,0,0,1,1.51,69.7
1,0,0,0,1,3.50,61.2
1,0,0,0,1,2.43,30.7
1,0,0,0,1,1.60,41.3
1,1,0,0,1,1.45,48.2
1,0,0,0,1,1.57,54.2
1,1,0,0,1,0.92,28.4
1,0,0,0,1,0.34,59.3
1,1,0,0,1,0.69,31.1
1,0,0,0,1,0.73,27.5
1,0,0,0,1,-0.01,53.2
1,0,0,0,1,0.21,35.5
1,1,0,0,1,0.15,35.3
1,0,0,0,1,1.26,39.3
1,0,0,0,1,1.42,37.0
1,0,0,0,1,0.53,59.3
1,1,0,0,1,0.05,39.7
1,0,0,0,1,0.25,37.3
1,1,0,0,1,1.13,31.4
1,1,0,0,1,1.43,59.7
1,0,0,0,1,1.82,41.7
1,1,0,0,1,0.05,59.4
1,1,0,0,1,2.20,62.4
1,0,0,0,1,0.15,30.0
1,1,0,0,1,0.59,54.4
1,0,0,0,1,0.74,28.8
1,1,0,0,1,1.31,63.1
1,0,0,0,1,1.80,44.2
1,0,0,0,1,2.58,52.1
1,1,0,0,1,0.05,34.1
1,1,0,0,1,0.92,50.9
1,1,0,0,1,0.55,33.2
1,1,0,0,1,2.45,57.4
1,1,0,0,1,0.17,26.4
1,0,0,0,1,0.82,58.5
1,1,0,0,1,1.95,51.1
1,1,0,0,1,0.84,51.1
1,0,0,0,1,0.48,67.0
1,0,0,0,1,1.84,48.3
1,0,0,0,1,0.21,40.2
1,0,0,0,1,1.40,40.8
1,1,0,0,1,2.03,59.9
1,0,0,0,1,1.72,52.6
1,1,0,0,1,1.19,51.0
1,1,0,0,1,2.97,34.2
1,0,0,0,1,0.40,39.2
1,0,0,0,1,0.73,24.0
1,0,0,0,1,1.17,30.3
1,0,0,0,1,0.19,49.6
1,1,0,0,1,1.07,51.2
1,0,0,0,1,0.17,34.2
1,1,0,0,1,0.67,64.1
1,0,0,0,1,0.07,29.4
1,1,0,0,1,1.05,23.1
1,0,0,0,1,0.48,39.4
1,0,0,0,1,0.19,29.5
1,1,0,0,1,0.34,28.9
1,0,0,0,1,0.05,58.6
1,1,0,0,1,0.67,34.7
1,0,0,0,1,1.33,56.6
1,0,0,0,1,0.34,45.4
1,0,0,0,1,0.19,25.5
1,1,0,0,1,1.01,30.8
1,0,0,0,1,0.30,30.0
1,0,0,0,1,0.32,50.2
1,1,0,0,1,0.17,38.8
1,0,0,0,1,0.09,48.9
1,0,0,0,1,1.36,29.6
1,1,0,0,1,0.25,29.1
1,1,0,0,1,0.51,40.7
1,1,0,0,1,0.07,51.5
1,0,0,0,1,3.13,54.1
1,0,0,0,1,1.24,39.2
1,0,0,0,1,0.28,59.4
1,0,0,0,1,0.97,63.4
1,0,0,0,1,-0.01,44.8
1,1,0,0,1,0.25,31.3
1,0,0,0,1,1.36,34.9
1,1,0,0,1,1.55,37.2
1,0,0,0,1,2.22,36.3
1,1,0,0,1,0.46,50.0
1,1,0,0,1,0.57,28.8
1,0,0,0,1,1.63,43.1
1,0,0,0,1,2.49,37.1
1,0,0,0,1,0.28,60.3
1,0,0,0,1,2.51,49.4
1,0,0,0,1,2.04,60.9
1,0,0,0,1,0.19,55.2
1,0,0,0,1,0.34,40.2
1,0,0,0,1,0.46,37.0
1,0,0,0,1,1.65,36.1
1,1,0,0,1,0.65,30.3
1,1,0,0,1,0.82,37.8
1,0,0,0,1,0.13,54.6
1,0,0,0,1,-0.01,69.4
1,1,0,0,1,0.25,37.5
1,0,0,0,1,0.09,39.4
1,0,0,0,1,0.32,60.1
1,0,0,0,1,0.84,62.8
1,0,0,0,1,2.20,49.1
1,0,0,0,1,0.53,43.9
1,0,0,0,1,0.30,40.0
1,0,0,0,1,0.32,27.6
1,0,0,0,1,1.45,38.2
1,1,0,0,1,3.47,50.2
1,0,0,0,1,2.18,37.3
1,1,0,0,1,0.44,33.7
1,1,0,0,1,1.28,52.2
1,0,0,0,1,0.21,63.8
1,0,0,0,1,0.74,42.8
1,0,0,0,1,0.63,46.0
1,0,0,0,1,0.11,37.8
1,0,0,0,1,3.81,29.6
1,0,0,0,1,2.28,22.7
1,0,0,0,1,0.95,38.5
1,0,0,0,1,3.58,27.9
1,0,0,0,1,0.97,32.4
1,0,0,0,1,0.82,35.6
1,0,0,0,1,0.30,38.0
